Provider_Clean,ContractTitle_Clean,ContractNumber_Clean,InvoiceDate_Clean,InvoiceAmount_Clean
Reino International Pty Ltd T/A Duncan Solutions,Parking technology services,3623,2028-12-10,81766.04
Reino International Pty Ltd T/A Duncan Solutions,Parking technology services,3623,2028-01-20,69421.46
SERCO,Open spaces management - region 2, ,2028-05-03,139630.4
Nationwide Towing Services,Vehicle tow away and impound services,3585,2026-03-31,188101.91
Showtime Event Group Pty Ltd,Melbourne Town Hall venue management,3670,2025-12-23,186091.79
Nationwide Towing Services,Vehicle tow away and impound services,3585,2025-10-17,244522.65
Citywide Service Solutions Pty Ltd,Civil infrastructure services,3665,2028-09-26,48901.03
Showtime Event Group Pty Ltd,Melbourne Town Hall venue management,3670,2027-08-24,198594.2
Victorian YMCA Community Programming Pty Ltd,Management of Active Melbourne recreation facilities,3615,2029-02-24,17811.84
Nationwide Towing Services,Vehicle tow away and impound services, ,2029-02-23,7206.87
Citywide Service Solutions Pty Ltd,Open spaces management - region 1,3676,2026-09-10,167819.85
Citywide Service Solutions Pty Ltd,Civil infrastructure services,3665,2025-04-25,221488.41
Showtime Event Group Pty Ltd,Melbourne Town Hall venue management,3670,2027-04-27,121151.94
SERCO,Open spaces management - region 2,3677,2028-01-05,69770.98
Victorian YMCA Community Programming Pty Ltd,Management of Active Melbourne recreation facilities,3615,2029-04-29,16492.49
Calcorp Services Pty Ltd,Graffiti management and pressure cleaning services,3668,2026-10-06,104685.18
Programmed Facility Management Pty Ltd,Building maintenance services,3630,2025-05-03,44803.27
Programmed Facility Management Pty Ltd,Building maintenance services,3630,2029-02-02,216463.82
Victorian YMCA Community Programming Pty Ltd,Management of Active Melbourne recreation facilities,3615,2025-01-14,143484.49
Victorian YMCA Community Programming Pty Ltd,Management of Active Melbourne recreation facilities,3615,2029-11-15,177330.5
SERCO,Open spaces management - region 2,3677,2028-03-18,83729.03
National Protective Services Pty Ltd,Integrated security services,3686,2027-11-26,193115.77
Nationwide Towing Services,Vehicle tow away and impound services, ,2026-08-08,188921.82
Showtime Event Group Pty Ltd,Melbourne Town Hall venue management,3670,2027-12-08,331.26
Citywide Service Solutions Pty Ltd,Open spaces management - region 1,3676,2025-06-19,155454.93
Citywide Service Solutions Pty Ltd,Open spaces management - region 1,3676,2026-03-22,155782.97
Calcorp Services Pty Ltd,Graffiti management and pressure cleaning services,3668,2028-07-18,100000.0
Reino International Pty Ltd T/A Duncan Solutions,Parking technology services,3623,2025-10-09,200000.0
Nationwide Towing Services,Vehicle tow away and impound services,3585,2029-10-02,75169.08
Showtime Event Group Pty Ltd,Melbourne Town Hall venue management,3670,2026-09-21,58861.59
Citywide Service Solutions Pty Ltd,Civil infrastructure services,3665,2025-02-11,204046.02
Citywide Service Solutions Pty Ltd,Open spaces management - region 1,3676,2026-10-12,102040.44
Calcorp Services Pty Ltd,Graffiti management and pressure cleaning services,3668,2025-05-07,193083.62
Calcorp Services Pty Ltd,Graffiti management and pressure cleaning services,3668,2027-07-09,26199.02
Programmed Facility Management Pty Ltd,Building maintenance services,3630,2025-01-11,63389.89
Nationwide Towing Services,Vehicle tow away and impound services,3585,2029-01-21,99494.02
Menzies International (Aust) Pty Ltd,Building cleaning services,3634,2028-04-26,214264.72
Victorian YMCA Community Programming Pty Ltd,Management of Active Melbourne recreation facilities,3615,2026-05-15,184118.38
Spotless Facility Services Pty Ltd,Street cleaning,3669,2025-05-11,46673.9
Citywide Service Solutions Pty Ltd,Open spaces management - region 1,3676,2026-04-30,246951.38
Spotless Facility Services Pty Ltd,Street cleaning,3669,2027-08-02,138901.12
Cleanaway Waste Management Limited,Waste management services, ,2029-10-24,36868.5
Victorian YMCA Community Programming Pty Ltd,Management of Active Melbourne recreation facilities,3615,2027-01-20,11153.51
National Protective Services Pty Ltd,Integrated security services,3686,2027-02-14,43101.7
Citywide Service Solutions Pty Ltd,Civil infrastructure services,3665,2027-07-16,231612.47
Cleanaway Waste Management Limited,Waste management services,3556,2027-04-17,74775.07
SERCO,Open spaces management - region 2, ,2028-12-01,7235.74
Citywide Service Solutions Pty Ltd,Civil infrastructure services,3665,2025-01-09,229412.59
Reino International Pty Ltd T/A Duncan Solutions,Parking technology services,3623,2025-08-14,100000.0
Citywide Service Solutions Pty Ltd,Tree management maintenance services,3678,2027-07-04,172287.55
Showtime Event Group Pty Ltd,Melbourne Town Hall venue management,3670,2028-10-08,178034.9
Cleanaway Waste Management Limited,Waste management services,3556,2025-09-13,100211.66
Citywide Service Solutions Pty Ltd,Tree management maintenance services,3678,2028-06-25,195465.99
Citywide Service Solutions Pty Ltd,Civil infrastructure services,3665,2025-04-02,16034.02
Nationwide Towing Services,Vehicle tow away and impound services,3585,2026-01-13,46735.63
Citywide Service Solutions Pty Ltd,Civil infrastructure services,3665,2025-08-30,238439.01
Victorian YMCA Community Programming Pty Ltd,Management of Active Melbourne recreation facilities,3615,2028-03-18,100000.0
National Protective Services Pty Ltd,Integrated security services,3686,2028-09-03,19606.36
SERCO,Open spaces management - region 2,3677,2025-02-18,3189.58
Citywide Service Solutions Pty Ltd,Civil infrastructure services,3665,2028-12-08,150010.79
Calcorp Services Pty Ltd,Graffiti management and pressure cleaning services,3668,2029-11-01,95780.43
Showtime Event Group Pty Ltd,Melbourne Town Hall venue management,3670,2028-01-25,186450.51
Showtime Event Group Pty Ltd,Melbourne Town Hall venue management,3670,2028-09-13,198680.66
Spotless Facility Services Pty Ltd,Street cleaning,3669,2028-08-04,9864.26
Programmed Facility Management Pty Ltd,Building maintenance services,3630,2029-04-22,88980.51
Cleanaway Waste Management Limited,Waste management services,3556,2027-11-23,193498.02
Cleanaway Waste Management Limited,Waste management services,3556,2026-03-27,0.0
Reino International Pty Ltd T/A Duncan Solutions,Parking technology services,3623,2029-05-23,159216.6
Reino International Pty Ltd T/A Duncan Solutions,Parking technology services,3623,2028-02-13,187655.15
Citywide Service Solutions Pty Ltd,Civil infrastructure services,3665,2029-10-14,116926.62
Reino International Pty Ltd T/A Duncan Solutions,Parking technology services,3623,2029-05-09,151386.62
Victorian YMCA Community Programming Pty Ltd,Management of Active Melbourne recreation facilities,3615,2025-09-08,174331.53
Menzies International (Aust) Pty Ltd,Building cleaning services,3634,2025-12-21,227070.76
Reino International Pty Ltd T/A Duncan Solutions,Parking technology services,3623,2028-11-02,43993.55
Citywide Service Solutions Pty Ltd,Civil infrastructure services,3665,2025-07-16,46936.66
Citywide Service Solutions Pty Ltd,Civil infrastructure services, ,2026-12-04,85257.38
Reino International Pty Ltd T/A Duncan Solutions,Parking technology services,3623,2027-02-25,196282.15
Victorian YMCA Community Programming Pty Ltd,Management of Active Melbourne recreation facilities,3615,2026-08-13,98315.38
SERCO,Open spaces management - region 2,3677,2027-06-07,100000.0
Spotless Facility Services Pty Ltd,Street cleaning, ,2026-01-02,211554.65
Reino International Pty Ltd T/A Duncan Solutions,Parking technology services,3623,2027-10-16,177834.3
Citywide Service Solutions Pty Ltd,Tree management maintenance services,3678,,83225.17
Victorian YMCA Community Programming Pty Ltd,Management of Active Melbourne recreation facilities,3615,2028-09-06,0.0
Spotless Facility Services Pty Ltd,Street cleaning,3669,2026-07-27,0.0
Citywide Service Solutions Pty Ltd,Civil infrastructure services,3665,2026-11-23,215163.1
SERCO,Open spaces management - region 2,3677,2029-11-18,238235.33
Nationwide Towing Services,Vehicle tow away and impound services, ,2027-04-16,110445.14
Menzies International (Aust) Pty Ltd,Building cleaning services,3634,2026-08-07,220523.53
Cleanaway Waste Management Limited,Waste management services,3556,2027-05-31,177518.36
Citywide Service Solutions Pty Ltd,Open spaces management - region 1,3676,2029-03-19,100000.0
Showtime Event Group Pty Ltd,Melbourne Town Hall venue management,3670,2027-09-28,3770.9
Showtime Event Group Pty Ltd,Melbourne Town Hall venue management,3670,2027-08-20,92109.22
Menzies International (Aust) Pty Ltd,Building cleaning services,3634,2025-02-28,175020.13
SERCO,Open spaces management - region 2,3677,2029-03-28,241401.62
SERCO,Open spaces management - region 2, ,2025-12-04,125326.84
National Protective Services Pty Ltd,Integrated security services,3686,2025-06-15,229677.62
Citywide Service Solutions Pty Ltd,Open spaces management - region 1,3676,2026-04-04,9719.18
Showtime Event Group Pty Ltd,Melbourne Town Hall venue management,3670,2028-02-15,10856.84
Citywide Service Solutions Pty Ltd,Civil infrastructure services,3665,2028-02-15,9343.44
National Protective Services Pty Ltd,Integrated security services,3686,2027-09-15,100000.0
Calcorp Services Pty Ltd,Graffiti management and pressure cleaning services,3668,2026-06-22,240981.3
Programmed Facility Management Pty Ltd,Building maintenance services,3630,2028-11-09,100000.0
Citywide Service Solutions Pty Ltd,Civil infrastructure services,3665,2026-08-30,203328.73
Calcorp Services Pty Ltd,Graffiti management and pressure cleaning services,3668,2026-02-17,209157.46
Citywide Service Solutions Pty Ltd,Civil infrastructure services,3665,2025-11-08,245994.9
Programmed Facility Management Pty Ltd,Building maintenance services,3630,2025-01-17,229914.86
Reino International Pty Ltd T/A Duncan Solutions,Parking technology services,3623,2029-04-28,0.0
SERCO,Open spaces management - region 2,3677,2026-08-23,0.0
Cleanaway Waste Management Limited,Waste management services,3556,2025-06-10,175178.78
Spotless Facility Services Pty Ltd,Street cleaning,3669,2028-08-18,61302.54
Reino International Pty Ltd T/A Duncan Solutions,Parking technology services,3623,2029-08-22,53635.33
SERCO,Open spaces management - region 2,3677,2027-04-05,52590.66
Citywide Service Solutions Pty Ltd,Tree management maintenance services,3678,2026-09-23,150914.14
Reino International Pty Ltd T/A Duncan Solutions,Parking technology services,3623,2030-01-01,156434.58
Calcorp Services Pty Ltd,Graffiti management and pressure cleaning services,3668,2028-07-11,40273.96
Cleanaway Waste Management Limited,Waste management services,3556,2027-03-10,133490.6
Citywide Service Solutions Pty Ltd,Tree management maintenance services,3678,2027-10-28,15836.62
Citywide Service Solutions Pty Ltd,Tree management maintenance services,3678,2026-02-11,0.0
National Protective Services Pty Ltd,Integrated security services,3686,2027-09-05,94770.95
Showtime Event Group Pty Ltd,Melbourne Town Hall venue management, ,2027-07-29,103986.79
Nationwide Towing Services,Vehicle tow away and impound services,3585,2028-02-08,100000.0
Spotless Facility Services Pty Ltd,Street cleaning,3669,2025-04-30,132156.1
Nationwide Towing Services,Vehicle tow away and impound services,3585,2026-12-16,46698.74
Spotless Facility Services Pty Ltd,Street cleaning,3669,2028-02-13,100000.0
Citywide Service Solutions Pty Ltd,Open spaces management - region 1,3676,2029-05-09,204712.77
Citywide Service Solutions Pty Ltd,Open spaces management - region 1,3676,2029-03-11,200000.0
Reino International Pty Ltd T/A Duncan Solutions,Parking technology services,3623,2025-10-21,100000.0
Menzies International (Aust) Pty Ltd,Building cleaning services,3634,2025-01-14,200000.0
SERCO,Open spaces management - region 2,3677,2026-07-29,238858.51
Victorian YMCA Community Programming Pty Ltd,Management of Active Melbourne recreation facilities,3615,2026-05-27,66718.14
Reino International Pty Ltd T/A Duncan Solutions,Parking technology services,3623,2025-02-18,170675.69
Calcorp Services Pty Ltd,Graffiti management and pressure cleaning services,3668,2028-07-26,139920.26
Citywide Service Solutions Pty Ltd,Open spaces management - region 1,3676,2029-02-22,120224.5
Calcorp Services Pty Ltd,Graffiti management and pressure cleaning services,3668,2026-08-14,23912.41
Spotless Facility Services Pty Ltd,Street cleaning,3669,2027-07-24,229924.42
Victorian YMCA Community Programming Pty Ltd,Management of Active Melbourne recreation facilities,3615,2029-08-15,200000.0
Reino International Pty Ltd T/A Duncan Solutions,Parking technology services,3623,2028-10-06,159202.76
Spotless Facility Services Pty Ltd,Street cleaning,3669,2027-12-16,7589.22
Reino International Pty Ltd T/A Duncan Solutions,Parking technology services,3623,2029-04-07,146607.14
Victorian YMCA Community Programming Pty Ltd,Management of Active Melbourne recreation facilities,3615,2028-04-18,128051.67
Reino International Pty Ltd T/A Duncan Solutions,Parking technology services,3623,2029-08-26,224748.81
Spotless Facility Services Pty Ltd,Street cleaning,3669,2026-06-17,49766.44
Nationwide Towing Services,Vehicle tow away and impound services,3585,2028-08-21,200000.0
Nationwide Towing Services,Vehicle tow away and impound services,3585,2028-02-12,80431.06
Programmed Facility Management Pty Ltd,Building maintenance services,3630,2025-11-18,13778.17
Showtime Event Group Pty Ltd,Melbourne Town Hall venue management,3670,2029-04-11,228415.48
Reino International Pty Ltd T/A Duncan Solutions,Parking technology services,3623,2029-05-21,138235.62
Spotless Facility Services Pty Ltd,Street cleaning,3669,2025-10-31,60042.44
Citywide Service Solutions Pty Ltd,Open spaces management - region 1,3676,2026-02-17,228363.71
Citywide Service Solutions Pty Ltd,Tree management maintenance services,3678,2028-02-01,100000.0
Reino International Pty Ltd T/A Duncan Solutions,Parking technology services,3623,2029-08-30,91232.15
Cleanaway Waste Management Limited,Waste management services,3556,2026-05-04,15904.47
Nationwide Towing Services,Vehicle tow away and impound services,3585,2028-03-14,196912.49
SERCO,Open spaces management - region 2,3677,2027-10-19,30129.71
SERCO,Open spaces management - region 2,3677,2027-11-18,100000.0
Calcorp Services Pty Ltd,Graffiti management and pressure cleaning services,3668,2026-01-11,15713.54
Citywide Service Solutions Pty Ltd,Tree management maintenance services,3678,2029-05-19,63273.82
Citywide Service Solutions Pty Ltd,Tree management maintenance services,3678,2027-08-22,126740.77
Menzies International (Aust) Pty Ltd,Building cleaning services,3634,2027-03-06,200000.0
Calcorp Services Pty Ltd,Graffiti management and pressure cleaning services,3668,2026-08-01,200000.0
Victorian YMCA Community Programming Pty Ltd,Management of Active Melbourne recreation facilities,3615,2029-02-08,47012.94
Victorian YMCA Community Programming Pty Ltd,Management of Active Melbourne recreation facilities,3615,2028-01-24,170590.79
Spotless Facility Services Pty Ltd,Street cleaning,3669,2026-06-28,100000.0
Cleanaway Waste Management Limited,Waste management services,3556,2026-12-19,226954.22
Cleanaway Waste Management Limited,Waste management services,3556,2025-01-18,121689.08
National Protective Services Pty Ltd,Integrated security services,3686,2029-11-30,195654.5
Citywide Service Solutions Pty Ltd,Civil infrastructure services,3665,2025-07-01,200000.0
Showtime Event Group Pty Ltd,Melbourne Town Hall venue management,3670,2028-10-10,200000.0
Citywide Service Solutions Pty Ltd,Tree management maintenance services,3678,2029-10-07,773.76
Showtime Event Group Pty Ltd,Melbourne Town Hall venue management,3670,2025-07-05,230324.24
Cleanaway Waste Management Limited,Waste management services, ,2028-04-01,100000.0
Menzies International (Aust) Pty Ltd,Building cleaning services, ,2026-12-27,200000.0
Citywide Service Solutions Pty Ltd,Tree management maintenance services,3678,2029-02-20,215315.75
SERCO,Open spaces management - region 2,3677,2028-04-04,7394.77
Reino International Pty Ltd T/A Duncan Solutions,Parking technology services,3623,2025-10-31,238302.2
SERCO,Open spaces management - region 2,3677,2028-03-22,86909.12
Programmed Facility Management Pty Ltd,Building maintenance services,3630,2028-04-28,58584.87
Reino International Pty Ltd T/A Duncan Solutions,Parking technology services,3623,2029-04-15,127274.02
Spotless Facility Services Pty Ltd,Street cleaning,3669,2026-12-14,113326.04
Citywide Service Solutions Pty Ltd,Open spaces management - region 1,3676,2025-01-09,164606.86
Showtime Event Group Pty Ltd,Melbourne Town Hall venue management,3670,2029-09-07,236064.0
Menzies International (Aust) Pty Ltd,Building cleaning services,3634,2029-07-17,200163.5
Showtime Event Group Pty Ltd,Melbourne Town Hall venue management,3670,2028-03-29,0.0
Nationwide Towing Services,Vehicle tow away and impound services,3585,2025-02-04,147468.09
National Protective Services Pty Ltd,Integrated security services,3686,2029-05-23,0.0
Nationwide Towing Services,Vehicle tow away and impound services,3585,2027-03-11,84126.3
Menzies International (Aust) Pty Ltd,Building cleaning services,3634,2028-07-24,195178.52
Reino International Pty Ltd T/A Duncan Solutions,Parking technology services,3623,2028-12-27,0.0
SERCO,Open spaces management - region 2,3677,2025-12-18,236399.14
Nationwide Towing Services,Vehicle tow away and impound services,3585,2026-04-28,157593.39
Spotless Facility Services Pty Ltd,Street cleaning,3669,2028-02-06,8729.65
Citywide Service Solutions Pty Ltd,Open spaces management - region 1,3676,2027-06-15,169924.95
Citywide Service Solutions Pty Ltd,Open spaces management - region 1,3676,2025-01-21,53223.89
Victorian YMCA Community Programming Pty Ltd,Management of Active Melbourne recreation facilities,3615,2027-11-30,46216.26
Calcorp Services Pty Ltd,Graffiti management and pressure cleaning services,3668,2025-12-23,124898.17
Showtime Event Group Pty Ltd,Melbourne Town Hall venue management,3670,2028-10-31,91885.58
Citywide Service Solutions Pty Ltd,Tree management maintenance services,3678,2027-04-27,186149.42
Citywide Service Solutions Pty Ltd,Civil infrastructure services,3665,2025-08-04,200000.0
Spotless Facility Services Pty Ltd,Street cleaning,3669,2025-05-10,79033.55
Citywide Service Solutions Pty Ltd,Tree management maintenance services,3678,2026-06-17,112514.93
Nationwide Towing Services,Vehicle tow away and impound services,3585,2028-08-11,100000.0
Cleanaway Waste Management Limited,Waste management services,3556,2026-02-17,29861.95
Victorian YMCA Community Programming Pty Ltd,Management of Active Melbourne recreation facilities,3615,2025-11-29,137594.55
Programmed Facility Management Pty Ltd,Building maintenance services,3630,2028-07-04,141055.57
Spotless Facility Services Pty Ltd,Street cleaning,3669,2028-10-16,217615.67
Reino International Pty Ltd T/A Duncan Solutions,Parking technology services,3623,2029-11-01,98493.23
Citywide Service Solutions Pty Ltd,Open spaces management - region 1,3676,2027-02-04,170037.3
Nationwide Towing Services,Vehicle tow away and impound services,3585,2025-05-07,18110.0
Spotless Facility Services Pty Ltd,Street cleaning,3669,2027-10-22,188763.7
Programmed Facility Management Pty Ltd,Building maintenance services,3630,2026-06-23,50742.48
Victorian YMCA Community Programming Pty Ltd,Management of Active Melbourne recreation facilities,3615,2026-06-16,132755.53
Victorian YMCA Community Programming Pty Ltd,Management of Active Melbourne recreation facilities,3615,2028-08-04,67283.49
Calcorp Services Pty Ltd,Graffiti management and pressure cleaning services, ,2028-12-23,151643.06
Citywide Service Solutions Pty Ltd,Civil infrastructure services,3665,2028-01-17,96176.78
SERCO,Open spaces management - region 2,3677,2026-09-23,100000.0
Victorian YMCA Community Programming Pty Ltd,Management of Active Melbourne recreation facilities,3615,2026-12-30,6446.56
Menzies International (Aust) Pty Ltd,Building cleaning services,3634,2026-01-10,37598.37
National Protective Services Pty Ltd,Integrated security services,3686,2025-02-19,100000.0
Menzies International (Aust) Pty Ltd,Building cleaning services,3634,2025-01-14,36688.72
Nationwide Towing Services,Vehicle tow away and impound services,3585,2025-01-23,
Cleanaway Waste Management Limited,Waste management services,3556,2025-01-19,0.0
National Protective Services Pty Ltd,Integrated security services,3686,2025-01-02,170215.01
Citywide Service Solutions Pty Ltd,Tree management maintenance services,3678,2027-08-13,531.67
Citywide Service Solutions Pty Ltd,Civil infrastructure services, ,2027-01-09,47644.72
Cleanaway Waste Management Limited,Waste management services,3556,2025-09-13,200000.0
Citywide Service Solutions Pty Ltd,Open spaces management - region 1,3676,2028-08-30,130450.88
Nationwide Towing Services,Vehicle tow away and impound services,3585,2026-01-07,73100.42
Menzies International (Aust) Pty Ltd,Building cleaning services,3634,2025-02-23,69060.42
Spotless Facility Services Pty Ltd,Street cleaning,3669,2025-08-09,175596.7
Victorian YMCA Community Programming Pty Ltd,Management of Active Melbourne recreation facilities,3615,2027-10-29,123370.03
Calcorp Services Pty Ltd,Graffiti management and pressure cleaning services,3668,2026-02-15,100000.0
Nationwide Towing Services,Vehicle tow away and impound services,3585,2028-01-07,155575.3
Programmed Facility Management Pty Ltd,Building maintenance services, ,2027-06-01,208340.6
SERCO,Open spaces management - region 2,3677,2027-07-19,173876.54
Victorian YMCA Community Programming Pty Ltd,Management of Active Melbourne recreation facilities,3615,2027-05-18,14033.86
Citywide Service Solutions Pty Ltd,Tree management maintenance services,3678,2027-06-12,134428.57
Citywide Service Solutions Pty Ltd,Open spaces management - region 1,3676,2028-07-13,100000.0
Spotless Facility Services Pty Ltd,Street cleaning,3669,2027-02-28,100000.0
Victorian YMCA Community Programming Pty Ltd,Management of Active Melbourne recreation facilities,3615,2029-11-20,8383.51
Cleanaway Waste Management Limited,Waste management services,3556,2026-01-02,29991.36
SERCO,Open spaces management - region 2,3677,2028-01-13,204922.54
Citywide Service Solutions Pty Ltd,Tree management maintenance services,3678,2029-11-05,34420.28
Reino International Pty Ltd T/A Duncan Solutions,Parking technology services,3623,2029-02-21,17608.04
Citywide Service Solutions Pty Ltd,Tree management maintenance services,3678,2025-09-11,226148.41
Spotless Facility Services Pty Ltd,Street cleaning,3669,2029-02-27,231655.89
Citywide Service Solutions Pty Ltd,Civil infrastructure services,3665,2025-01-21,79576.49
Nationwide Towing Services,Vehicle tow away and impound services,3585,2027-02-21,232077.83
SERCO,Open spaces management - region 2,3677,2026-05-25,0.0
Calcorp Services Pty Ltd,Graffiti management and pressure cleaning services,3668,2028-02-17,169850.81
Spotless Facility Services Pty Ltd,Street cleaning,3669,2029-12-21,35725.41
Menzies International (Aust) Pty Ltd,Building cleaning services,3634,2029-06-07,36418.99
Cleanaway Waste Management Limited,Waste management services,3556,2027-10-30,105394.36
Victorian YMCA Community Programming Pty Ltd,Management of Active Melbourne recreation facilities,3615,2025-06-17,43585.9
Citywide Service Solutions Pty Ltd,Tree management maintenance services,3678,2025-06-10,227415.17
Reino International Pty Ltd T/A Duncan Solutions,Parking technology services,3623,2025-08-04,111658.03
Showtime Event Group Pty Ltd,Melbourne Town Hall venue management,3670,2025-07-31,123863.36
Spotless Facility Services Pty Ltd,Street cleaning,3669,2025-08-31,109602.05
Citywide Service Solutions Pty Ltd,Open spaces management - region 1,3676,2029-08-21,10310.53
Nationwide Towing Services,Vehicle tow away and impound services,3585,2027-03-02,100200.06
Citywide Service Solutions Pty Ltd,Tree management maintenance services,3678,2025-06-09,0.0
Reino International Pty Ltd T/A Duncan Solutions,Parking technology services,3623,2029-08-25,103805.43
Reino International Pty Ltd T/A Duncan Solutions,Parking technology services,3623,2027-05-25,86005.89
Cleanaway Waste Management Limited,Waste management services,3556,2029-09-10,107827.5
Citywide Service Solutions Pty Ltd,Tree management maintenance services,3678,2027-07-23,179990.69
SERCO,Open spaces management - region 2,3677,2029-01-21,35466.64
Calcorp Services Pty Ltd,Graffiti management and pressure cleaning services,3668,2028-05-02,70919.02
SERCO,Open spaces management - region 2,3677,2026-04-19,39165.81
SERCO,Open spaces management - region 2,3677,2028-10-03,151179.52
Citywide Service Solutions Pty Ltd,Civil infrastructure services,3665,2029-06-21,200000.0
SERCO,Open spaces management - region 2,3677,2027-07-12,171669.83
Showtime Event Group Pty Ltd,Melbourne Town Hall venue management,3670,2025-03-07,48128.23
SERCO,Open spaces management - region 2,3677,2025-11-30,
Nationwide Towing Services,Vehicle tow away and impound services,3585,2028-01-07,168903.41
Cleanaway Waste Management Limited,Waste management services,3556,2025-04-19,54612.68
Citywide Service Solutions Pty Ltd,Tree management maintenance services,3678,2027-12-15,134851.21
Citywide Service Solutions Pty Ltd,Tree management maintenance services,3678,2027-08-28,90024.28
Spotless Facility Services Pty Ltd,Street cleaning,3669,2025-09-09,100000.0
Reino International Pty Ltd T/A Duncan Solutions,Parking technology services,3623,2028-12-11,43683.53
Cleanaway Waste Management Limited,Waste management services,3556,2025-02-26,199502.48
Citywide Service Solutions Pty Ltd,Civil infrastructure services,3665,2026-04-07,241791.87
Programmed Facility Management Pty Ltd,Building maintenance services,3630,2026-01-03,55414.23
Spotless Facility Services Pty Ltd,Street cleaning, ,2026-10-06,208044.09
Reino International Pty Ltd T/A Duncan Solutions,Parking technology services,3623,2026-04-01,205586.19
Nationwide Towing Services,Vehicle tow away and impound services,3585,2025-09-18,130711.89
Victorian YMCA Community Programming Pty Ltd,Management of Active Melbourne recreation facilities,3615,2025-04-01,50556.97
Citywide Service Solutions Pty Ltd,Civil infrastructure services,3665,2028-06-01,218877.36
Calcorp Services Pty Ltd,Graffiti management and pressure cleaning services,3668,2028-05-22,46802.68
Citywide Service Solutions Pty Ltd,Open spaces management - region 1,3676,2026-02-11,30949.52
Menzies International (Aust) Pty Ltd,Building cleaning services,3634,2028-01-23,70342.07
Showtime Event Group Pty Ltd,Melbourne Town Hall venue management,3670,2027-09-17,12835.59
Victorian YMCA Community Programming Pty Ltd,Management of Active Melbourne recreation facilities,3615,2028-04-25,19629.93
Spotless Facility Services Pty Ltd,Street cleaning,3669,2027-10-28,37175.84
Citywide Service Solutions Pty Ltd,Open spaces management - region 1,3676,2027-06-12,22429.84
Citywide Service Solutions Pty Ltd,Civil infrastructure services,3665,2029-07-10,247355.0
Menzies International (Aust) Pty Ltd,Building cleaning services,3634,2026-02-20,100000.0
Programmed Facility Management Pty Ltd,Building maintenance services,3630,2028-09-24,56385.74
SERCO,Open spaces management - region 2,3677,2026-04-07,155490.23
National Protective Services Pty Ltd,Integrated security services,3686,2026-02-19,94916.11
SERCO,Open spaces management - region 2,3677,2026-06-25,236102.6
Citywide Service Solutions Pty Ltd,Civil infrastructure services, ,2026-04-24,200000.0
Reino International Pty Ltd T/A Duncan Solutions,Parking technology services,3623,2027-12-25,27670.11
SERCO,Open spaces management - region 2,3677,2027-12-30,177943.66
Citywide Service Solutions Pty Ltd,Tree management maintenance services,3678,2028-04-17,200000.0
Programmed Facility Management Pty Ltd,Building maintenance services,3630,2027-06-29,175247.93
Reino International Pty Ltd T/A Duncan Solutions,Parking technology services,3623,2025-09-09,93010.72
Reino International Pty Ltd T/A Duncan Solutions,Parking technology services,3623,2029-07-27,240298.73
Showtime Event Group Pty Ltd,Melbourne Town Hall venue management,3670,2028-03-05,243469.91
Showtime Event Group Pty Ltd,Melbourne Town Hall venue management,3670,2028-02-29,86430.39
Citywide Service Solutions Pty Ltd,Tree management maintenance services,3678,2026-10-26,15772.18
SERCO,Open spaces management - region 2,3677,2028-06-15,100000.0
Nationwide Towing Services,Vehicle tow away and impound services,3585,2026-02-24,158337.78
National Protective Services Pty Ltd,Integrated security services,3686,2027-03-11,214204.28
Showtime Event Group Pty Ltd,Melbourne Town Hall venue management,3670,2029-08-11,64601.68
National Protective Services Pty Ltd,Integrated security services,3686,2026-11-23,44164.26
Calcorp Services Pty Ltd,Graffiti management and pressure cleaning services,3668,2027-11-20,190532.99
Showtime Event Group Pty Ltd,Melbourne Town Hall venue management,3670,2029-08-27,232995.55
Citywide Service Solutions Pty Ltd,Tree management maintenance services,3678,2029-09-23,205044.82
Calcorp Services Pty Ltd,Graffiti management and pressure cleaning services,3668,2027-10-14,100000.0
Citywide Service Solutions Pty Ltd,Civil infrastructure services,3665,2027-05-25,97422.68
SERCO,Open spaces management - region 2,3677,2025-03-22,182857.1
Spotless Facility Services Pty Ltd,Street cleaning,3669,2028-05-08,155485.8
Reino International Pty Ltd T/A Duncan Solutions,Parking technology services,3623,2025-11-17,73961.37
Showtime Event Group Pty Ltd,Melbourne Town Hall venue management,3670,2029-11-30,182403.36
Reino International Pty Ltd T/A Duncan Solutions,Parking technology services,3623,2027-01-03,80384.71
Nationwide Towing Services,Vehicle tow away and impound services,3585,2028-06-23,148220.87
Citywide Service Solutions Pty Ltd,Tree management maintenance services,3678,2026-12-26,233663.97
Spotless Facility Services Pty Ltd,Street cleaning,3669,2027-12-13,73085.89
Nationwide Towing Services,Vehicle tow away and impound services,3585,2027-05-12,60292.36
SERCO,Open spaces management - region 2, ,2025-04-18,48182.61
Citywide Service Solutions Pty Ltd,Tree management maintenance services,3678,2026-11-03,124863.91
Showtime Event Group Pty Ltd,Melbourne Town Hall venue management,3670,2029-08-08,1157.28
Citywide Service Solutions Pty Ltd,Open spaces management - region 1,3676,2027-04-14,11874.07
Menzies International (Aust) Pty Ltd,Building cleaning services,3634,2025-08-28,108049.43
Menzies International (Aust) Pty Ltd,Building cleaning services,3634,2025-12-13,121265.76
Nationwide Towing Services,Vehicle tow away and impound services,3585,2025-02-13,77901.7
Cleanaway Waste Management Limited,Waste management services,3556,2028-03-30,200000.0
Reino International Pty Ltd T/A Duncan Solutions,Parking technology services,3623,2025-09-06,247079.01
Citywide Service Solutions Pty Ltd,Open spaces management - region 1,3676,2027-09-16,176401.71
Spotless Facility Services Pty Ltd,Street cleaning,3669,2027-01-30,60526.09
SERCO,Open spaces management - region 2,3677,2028-06-14,0.0
Citywide Service Solutions Pty Ltd,Tree management maintenance services,3678,2027-01-21,82381.68
Cleanaway Waste Management Limited,Waste management services,3556,2027-04-15,160677.37
Programmed Facility Management Pty Ltd,Building maintenance services,3630,2029-09-29,76681.28
Calcorp Services Pty Ltd,Graffiti management and pressure cleaning services,3668,2029-12-13,161230.16
Reino International Pty Ltd T/A Duncan Solutions,Parking technology services,3623,2025-04-17,193372.81
Cleanaway Waste Management Limited,Waste management services,3556,2025-02-04,230676.13
National Protective Services Pty Ltd,Integrated security services,3686,2026-08-03,219895.67
Spotless Facility Services Pty Ltd,Street cleaning,3669,2029-11-01,18001.17
Reino International Pty Ltd T/A Duncan Solutions,Parking technology services,3623,2028-04-28,121914.2
SERCO,Open spaces management - region 2,3677,2028-11-12,62504.35
Programmed Facility Management Pty Ltd,Building maintenance services,3630,2026-08-05,226554.28
Citywide Service Solutions Pty Ltd,Civil infrastructure services,3665,2028-11-13,189965.33
Citywide Service Solutions Pty Ltd,Open spaces management - region 1,3676,2029-03-31,27242.12
Menzies International (Aust) Pty Ltd,Building cleaning services,3634,2028-08-15,98854.12
Reino International Pty Ltd T/A Duncan Solutions,Parking technology services,3623,2028-09-11,55153.68
Calcorp Services Pty Ltd,Graffiti management and pressure cleaning services,3668,2026-12-20,165558.5
Calcorp Services Pty Ltd,Graffiti management and pressure cleaning services, ,2025-01-27,217878.34
Victorian YMCA Community Programming Pty Ltd,Management of Active Melbourne recreation facilities,3615,2027-08-06,237597.65
Programmed Facility Management Pty Ltd,Building maintenance services,3630,2025-07-24,98484.43
Programmed Facility Management Pty Ltd,Building maintenance services,3630,2029-02-17,20330.54
Victorian YMCA Community Programming Pty Ltd,Management of Active Melbourne recreation facilities,3615,2029-01-14,54038.11
Programmed Facility Management Pty Ltd,Building maintenance services,3630,2025-12-01,121901.92
Citywide Service Solutions Pty Ltd,Tree management maintenance services,3678,2028-07-28,3077.9
Menzies International (Aust) Pty Ltd,Building cleaning services,3634,2026-12-12,200000.0
Citywide Service Solutions Pty Ltd,Tree management maintenance services,3678,2028-09-26,249393.6
Cleanaway Waste Management Limited,Waste management services,3556,2026-11-25,149239.34
National Protective Services Pty Ltd,Integrated security services,3686,2025-03-21,0.0
Reino International Pty Ltd T/A Duncan Solutions,Parking technology services,3623,2025-07-15,200000.0
Citywide Service Solutions Pty Ltd,Civil infrastructure services,3665,2028-11-01,172796.0
Nationwide Towing Services,Vehicle tow away and impound services,3585,2026-11-12,156628.44
Citywide Service Solutions Pty Ltd,Tree management maintenance services, ,2028-08-21,13450.2
Programmed Facility Management Pty Ltd,Building maintenance services,3630,2029-09-25,194992.86
Nationwide Towing Services,Vehicle tow away and impound services,3585,2026-10-25,228659.01
Citywide Service Solutions Pty Ltd,Civil infrastructure services,3665,2028-10-20,160337.11
Calcorp Services Pty Ltd,Graffiti management and pressure cleaning services,3668,2029-11-21,223662.53
Citywide Service Solutions Pty Ltd,Civil infrastructure services,3665,2027-01-28,120051.03
National Protective Services Pty Ltd,Integrated security services,3686,2027-05-17,154601.32
Programmed Facility Management Pty Ltd,Building maintenance services,3630,2026-03-29,163694.66
Calcorp Services Pty Ltd,Graffiti management and pressure cleaning services,3668,2026-04-08,138379.06
Showtime Event Group Pty Ltd,Melbourne Town Hall venue management,3670,2027-08-07,150840.65
Cleanaway Waste Management Limited,Waste management services,3556,2029-04-21,81710.03
Showtime Event Group Pty Ltd,Melbourne Town Hall venue management,3670,2027-04-19,230375.52
Calcorp Services Pty Ltd,Graffiti management and pressure cleaning services,3668,2026-11-29,159762.78
Victorian YMCA Community Programming Pty Ltd,Management of Active Melbourne recreation facilities,3615,2025-02-01,244220.49
Menzies International (Aust) Pty Ltd,Building cleaning services,3634,2026-12-11,66622.05
Citywide Service Solutions Pty Ltd,Civil infrastructure services,3665,2028-09-25,159703.23
Programmed Facility Management Pty Ltd,Building maintenance services,3630,2025-04-04,0.0
Citywide Service Solutions Pty Ltd,Tree management maintenance services,3678,2028-03-07,180521.27
National Protective Services Pty Ltd,Integrated security services, ,2029-05-18,44485.69
Citywide Service Solutions Pty Ltd,Tree management maintenance services,3678,2025-04-30,0.0
Citywide Service Solutions Pty Ltd,Open spaces management - region 1,3676,2029-08-25,209831.13
Reino International Pty Ltd T/A Duncan Solutions,Parking technology services,3623,2026-02-09,24314.22
Menzies International (Aust) Pty Ltd,Building cleaning services,3634,2027-06-21,155325.0
Cleanaway Waste Management Limited,Waste management services,3556,2029-05-02,18742.9
National Protective Services Pty Ltd,Integrated security services,3686,2026-05-08,200000.0
Victorian YMCA Community Programming Pty Ltd,Management of Active Melbourne recreation facilities,3615,2026-09-10,168937.55
Reino International Pty Ltd T/A Duncan Solutions,Parking technology services,3623,2026-07-10,239836.56
Programmed Facility Management Pty Ltd,Building maintenance services,3630,2028-06-19,27379.59
Menzies International (Aust) Pty Ltd,Building cleaning services,3634,2029-09-06,224045.3
Cleanaway Waste Management Limited,Waste management services,3556,2025-03-16,117176.76
Showtime Event Group Pty Ltd,Melbourne Town Hall venue management,3670,2026-03-13,66582.6
Victorian YMCA Community Programming Pty Ltd,Management of Active Melbourne recreation facilities,3615,2029-12-25,100000.0
Citywide Service Solutions Pty Ltd,Open spaces management - region 1,3676,2028-04-17,819.4
Cleanaway Waste Management Limited,Waste management services,3556,2028-10-20,100000.0
National Protective Services Pty Ltd,Integrated security services,3686,2028-04-28,4024.9
Calcorp Services Pty Ltd,Graffiti management and pressure cleaning services,3668,2026-02-21,246777.24
Citywide Service Solutions Pty Ltd,Civil infrastructure services,3665,2029-01-02,200000.0
Spotless Facility Services Pty Ltd,Street cleaning,3669,2028-10-04,123008.93
Spotless Facility Services Pty Ltd,Street cleaning,3669,2027-06-12,0.0
Showtime Event Group Pty Ltd,Melbourne Town Hall venue management,3670,2026-08-22,200000.0
Cleanaway Waste Management Limited,Waste management services,3556,2027-02-19,135054.27
Spotless Facility Services Pty Ltd,Street cleaning,3669,2026-05-05,1058.15
Spotless Facility Services Pty Ltd,Street cleaning,3669,2025-07-20,191238.61
SERCO,Open spaces management - region 2,3677,2025-05-12,98441.81
Citywide Service Solutions Pty Ltd,Civil infrastructure services,3665,2029-05-08,15371.6
Cleanaway Waste Management Limited,Waste management services,3556,2025-04-26,63710.65
Calcorp Services Pty Ltd,Graffiti management and pressure cleaning services,3668,2025-03-28,80397.02
National Protective Services Pty Ltd,Integrated security services,3686,2027-08-14,208486.72
Menzies International (Aust) Pty Ltd,Building cleaning services,3634,2025-09-15,200000.0
Citywide Service Solutions Pty Ltd,Tree management maintenance services,3678,2025-07-13,58604.61
Reino International Pty Ltd T/A Duncan Solutions,Parking technology services,3623,2025-11-03,196274.31
Menzies International (Aust) Pty Ltd,Building cleaning services,3634,2027-09-26,132662.49
SERCO,Open spaces management - region 2,3677,2026-06-20,0.0
Citywide Service Solutions Pty Ltd,Civil infrastructure services,3665,2028-12-29,0.0
Calcorp Services Pty Ltd,Graffiti management and pressure cleaning services,3668,2028-11-04,57612.19
Programmed Facility Management Pty Ltd,Building maintenance services,3630,2025-01-15,200000.0
Menzies International (Aust) Pty Ltd,Building cleaning services,3634,2027-08-04,100000.0
Reino International Pty Ltd T/A Duncan Solutions,Parking technology services,3623,2026-03-01,63938.01
Victorian YMCA Community Programming Pty Ltd,Management of Active Melbourne recreation facilities,3615,2027-11-06,219930.61
Menzies International (Aust) Pty Ltd,Building cleaning services,3634,2028-11-09,181245.26
Menzies International (Aust) Pty Ltd,Building cleaning services,3634,2025-09-02,235575.8
Reino International Pty Ltd T/A Duncan Solutions,Parking technology services,3623,2026-04-28,145096.14
Citywide Service Solutions Pty Ltd,Civil infrastructure services,3665,2027-03-31,231735.29
SERCO,Open spaces management - region 2,3677,2026-04-05,192077.23
Calcorp Services Pty Ltd,Graffiti management and pressure cleaning services,3668,2028-10-24,97838.51
National Protective Services Pty Ltd,Integrated security services,3686,2028-04-10,
Citywide Service Solutions Pty Ltd,Civil infrastructure services,3665,2025-02-03,68025.81
Menzies International (Aust) Pty Ltd,Building cleaning services, ,2029-04-11,193051.21
SERCO,Open spaces management - region 2,3677,2026-07-09,100000.0
Spotless Facility Services Pty Ltd,Street cleaning,3669,2028-06-08,167920.95
Spotless Facility Services Pty Ltd,Street cleaning,3669,2028-08-18,200185.12
Showtime Event Group Pty Ltd,Melbourne Town Hall venue management,3670,2027-01-15,200000.0
Cleanaway Waste Management Limited,Waste management services,3556,2026-01-15,158779.33
Reino International Pty Ltd T/A Duncan Solutions,Parking technology services, ,2028-04-27,58798.72
Citywide Service Solutions Pty Ltd,Civil infrastructure services,3665,2027-07-24,42140.25
Citywide Service Solutions Pty Ltd,Civil infrastructure services,3665,2028-05-25,31868.18
National Protective Services Pty Ltd,Integrated security services,3686,2027-02-16,168006.42
Citywide Service Solutions Pty Ltd,Civil infrastructure services,3665,2027-10-26,200000.0
Citywide Service Solutions Pty Ltd,Open spaces management - region 1,3676,2029-09-21,10236.01
Cleanaway Waste Management Limited,Waste management services,3556,2029-02-22,100000.0
Citywide Service Solutions Pty Ltd,Open spaces management - region 1,3676,2025-05-02,217115.05
Nationwide Towing Services,Vehicle tow away and impound services,3585,2029-12-22,0.0
Spotless Facility Services Pty Ltd,Street cleaning,3669,2026-06-16,58328.29
Citywide Service Solutions Pty Ltd,Civil infrastructure services,3665,2026-06-03,236583.69
Calcorp Services Pty Ltd,Graffiti management and pressure cleaning services,3668,2025-02-17,9650.47
National Protective Services Pty Ltd,Integrated security services,3686,2029-07-07,134533.84
Victorian YMCA Community Programming Pty Ltd,Management of Active Melbourne recreation facilities,3615,2025-06-24,152675.65
Spotless Facility Services Pty Ltd,Street cleaning,3669,2027-08-13,120510.52
Menzies International (Aust) Pty Ltd,Building cleaning services,3634,2025-09-28,100000.0
SERCO,Open spaces management - region 2,3677,2027-02-20,197744.29
Citywide Service Solutions Pty Ltd,Open spaces management - region 1,3676,2025-09-04,231990.27
Showtime Event Group Pty Ltd,Melbourne Town Hall venue management,3670,2026-01-28,235449.7
Cleanaway Waste Management Limited,Waste management services,3556,2028-06-14,131673.72
SERCO,Open spaces management - region 2,3677,2025-05-03,16699.67
Reino International Pty Ltd T/A Duncan Solutions,Parking technology services,3623,2027-06-06,146125.19
Programmed Facility Management Pty Ltd,Building maintenance services,3630,2026-04-02,12950.63
Nationwide Towing Services,Vehicle tow away and impound services,3585,2029-05-29,236678.37
National Protective Services Pty Ltd,Integrated security services, ,2028-01-08,95106.53
National Protective Services Pty Ltd,Integrated security services,3686,2026-11-23,85846.29
Citywide Service Solutions Pty Ltd,Open spaces management - region 1,3676,2028-05-21,163721.5
Reino International Pty Ltd T/A Duncan Solutions,Parking technology services, ,2025-09-06,22351.19
Programmed Facility Management Pty Ltd,Building maintenance services,3630,2026-03-10,163896.73
Menzies International (Aust) Pty Ltd,Building cleaning services,3634,2025-10-27,200000.0
Programmed Facility Management Pty Ltd,Building maintenance services,3630,2028-07-26,210885.82
Calcorp Services Pty Ltd,Graffiti management and pressure cleaning services,3668,2027-05-31,200000.0
Spotless Facility Services Pty Ltd,Street cleaning,3669,2028-09-19,134575.58
Nationwide Towing Services,Vehicle tow away and impound services,3585,2027-12-26,218336.13
Menzies International (Aust) Pty Ltd,Building cleaning services,3634,2028-01-18,200000.0
Citywide Service Solutions Pty Ltd,Open spaces management - region 1, ,2029-01-25,183018.55
Spotless Facility Services Pty Ltd,Street cleaning,3669,2029-01-22,222034.19
Citywide Service Solutions Pty Ltd,Tree management maintenance services,3678,2026-07-24,200327.49
SERCO,Open spaces management - region 2,3677,2027-05-27,232664.05
Reino International Pty Ltd T/A Duncan Solutions,Parking technology services,3623,2025-11-26,234349.28
Nationwide Towing Services,Vehicle tow away and impound services,3585,2029-03-24,214793.54
Cleanaway Waste Management Limited,Waste management services,3556,2027-10-20,64117.13
Reino International Pty Ltd T/A Duncan Solutions,Parking technology services,3623,2025-12-12,195478.67
Cleanaway Waste Management Limited,Waste management services,3556,2028-03-27,100000.0
National Protective Services Pty Ltd,Integrated security services,3686,,121509.91
Citywide Service Solutions Pty Ltd,Tree management maintenance services, ,2027-04-23,12262.93
Victorian YMCA Community Programming Pty Ltd,Management of Active Melbourne recreation facilities,3615,2026-06-23,230865.48
Reino International Pty Ltd T/A Duncan Solutions,Parking technology services,3623,2029-01-04,100000.0
Calcorp Services Pty Ltd,Graffiti management and pressure cleaning services,3668,2027-11-25,200000.0
Programmed Facility Management Pty Ltd,Building maintenance services,3630,2025-12-30,100000.0
Calcorp Services Pty Ltd,Graffiti management and pressure cleaning services,3668,2028-09-14,147109.94
Menzies International (Aust) Pty Ltd,Building cleaning services,3634,2025-08-08,200000.0
National Protective Services Pty Ltd,Integrated security services,3686,2025-01-17,142815.58
Nationwide Towing Services,Vehicle tow away and impound services,3585,2028-03-24,200000.0
Programmed Facility Management Pty Ltd,Building maintenance services,3630,2028-03-02,218789.02
SERCO,Open spaces management - region 2,3677,2027-04-12,65807.38
Citywide Service Solutions Pty Ltd,Tree management maintenance services,3678,2029-08-02,31499.69
Nationwide Towing Services,Vehicle tow away and impound services,3585,2027-09-21,36448.12
Citywide Service Solutions Pty Ltd,Civil infrastructure services,3665,2029-04-27,200000.0
Citywide Service Solutions Pty Ltd,Civil infrastructure services,3665,2025-01-01,113399.86
SERCO,Open spaces management - region 2,3677,2029-12-21,50489.1
Cleanaway Waste Management Limited,Waste management services,3556,2026-02-27,200000.0
Calcorp Services Pty Ltd,Graffiti management and pressure cleaning services,3668,2028-02-10,60903.26
Showtime Event Group Pty Ltd,Melbourne Town Hall venue management,3670,2026-03-06,245427.92
Spotless Facility Services Pty Ltd,Street cleaning,3669,2027-02-13,50839.7
Menzies International (Aust) Pty Ltd,Building cleaning services,3634,2026-08-22,206668.42
Menzies International (Aust) Pty Ltd,Building cleaning services,3634,2029-03-19,157118.91
Menzies International (Aust) Pty Ltd,Building cleaning services,3634,2025-01-30,205521.74
Citywide Service Solutions Pty Ltd,Tree management maintenance services,3665,2028-02-12,129482.46
Menzies International (Aust) Pty Ltd,Building cleaning services,3634,2027-02-01,81395.46
Showtime Event Group Pty Ltd,Melbourne Town Hall venue management,3670,2025-02-22,214545.52
Calcorp Services Pty Ltd,Graffiti management and pressure cleaning services,3668,2028-12-30,4475.32
Citywide Service Solutions Pty Ltd,Civil infrastructure services,3665,2025-02-24,249317.93
Citywide Service Solutions Pty Ltd,Tree management maintenance services,3678,2025-04-22,0.0
Spotless Facility Services Pty Ltd,Street cleaning,3669,2025-08-11,175385.28
Showtime Event Group Pty Ltd,Melbourne Town Hall venue management,3670,2025-04-07,217778.55
Programmed Facility Management Pty Ltd,Building maintenance services,3630,2026-03-20,118255.79
Citywide Service Solutions Pty Ltd,Open spaces management - region 1,3676,,241148.96
Citywide Service Solutions Pty Ltd,Open spaces management - region 1,3676,2029-06-26,87474.51
Cleanaway Waste Management Limited,Waste management services,3556,2025-11-05,6275.84
Calcorp Services Pty Ltd,Graffiti management and pressure cleaning services,3668,2027-08-15,161788.12
Cleanaway Waste Management Limited,Waste management services,3556,2026-09-20,100000.0
Citywide Service Solutions Pty Ltd,Civil infrastructure services, ,2026-10-06,200000.0
Reino International Pty Ltd T/A Duncan Solutions,Parking technology services,3623,2028-09-15,126975.65
Citywide Service Solutions Pty Ltd,Civil infrastructure services,3665,2025-05-18,104995.9
Citywide Service Solutions Pty Ltd,Civil infrastructure services,3665,2026-03-10,101000.06
National Protective Services Pty Ltd,Integrated security services,3686,2029-10-05,0.0
Citywide Service Solutions Pty Ltd,Open spaces management - region 1,3676,,100000.0
Nationwide Towing Services,Vehicle tow away and impound services,3585,2027-04-04,200000.0
Showtime Event Group Pty Ltd,Melbourne Town Hall venue management,3670,2028-12-12,211710.49
SERCO,Open spaces management - region 2,3677,2028-01-23,151598.15
National Protective Services Pty Ltd,Integrated security services,3686,2028-11-06,227687.48
SERCO,Open spaces management - region 2,3677,2026-10-13,29024.62
Citywide Service Solutions Pty Ltd,Tree management maintenance services,3678,2028-09-24,200000.0
Calcorp Services Pty Ltd,Graffiti management and pressure cleaning services,3668,2026-10-25,200000.0
Programmed Facility Management Pty Ltd,Building maintenance services,3630,2026-01-29,31286.81
Cleanaway Waste Management Limited,Waste management services,3556,2028-08-17,232416.48
Programmed Facility Management Pty Ltd,Building maintenance services,3630,2025-02-08,100000.0
Cleanaway Waste Management Limited,Waste management services,3556,2027-01-23,192003.76
Spotless Facility Services Pty Ltd,Street cleaning,3669,2029-08-03,100000.0
Citywide Service Solutions Pty Ltd,Tree management maintenance services,3678,2025-02-02,89133.69
Cleanaway Waste Management Limited,Waste management services,3556,2027-04-19,200000.0
Citywide Service Solutions Pty Ltd,Open spaces management - region 1,3676,2026-05-08,32357.23
SERCO,Open spaces management - region 2,3677,2026-03-19,138096.25
Spotless Facility Services Pty Ltd,Street cleaning,3669,2026-05-31,140386.73
Showtime Event Group Pty Ltd,Melbourne Town Hall venue management,3670,2026-01-06,50237.58
Citywide Service Solutions Pty Ltd,Tree management maintenance services,3678,2026-11-16,12260.12
Cleanaway Waste Management Limited,Waste management services,3556,2029-06-04,0.0
Calcorp Services Pty Ltd,Graffiti management and pressure cleaning services,3668,2026-11-10,100000.0
Showtime Event Group Pty Ltd,Melbourne Town Hall venue management,3670,2025-09-14,236320.15
Nationwide Towing Services,Vehicle tow away and impound services,3585,2027-03-07,189925.5
Programmed Facility Management Pty Ltd,Building maintenance services,3630,2029-06-14,13916.63
Cleanaway Waste Management Limited,Waste management services,3556,2028-05-11,115249.04
Menzies International (Aust) Pty Ltd,Building cleaning services,3634,2029-08-20,71736.27
Reino International Pty Ltd T/A Duncan Solutions,Parking technology services,3623,2027-10-31,197299.96
SERCO,Open spaces management - region 2,3677,,53596.78
National Protective Services Pty Ltd,Integrated security services,3686,2027-01-02,200000.0
Spotless Facility Services Pty Ltd,Street cleaning,3669,2029-04-10,233067.25
Calcorp Services Pty Ltd,Graffiti management and pressure cleaning services,3668,2026-03-02,228167.06
Citywide Service Solutions Pty Ltd,Open spaces management - region 1,3676,2029-12-02,22544.85
National Protective Services Pty Ltd,Integrated security services,3686,2029-01-03,192207.28
National Protective Services Pty Ltd,Integrated security services,3686,2026-09-13,83555.1
Spotless Facility Services Pty Ltd,Street cleaning,3669,2026-03-08,200000.0
Citywide Service Solutions Pty Ltd,Civil infrastructure services,3665,2028-07-31,200000.0
Programmed Facility Management Pty Ltd,Building maintenance services,3630,2029-02-21,0.0
Victorian YMCA Community Programming Pty Ltd,Management of Active Melbourne recreation facilities,3615,2027-11-29,137468.01
Reino International Pty Ltd T/A Duncan Solutions,Parking technology services,3623,2028-06-13,134971.32
Nationwide Towing Services,Vehicle tow away and impound services, ,2028-09-18,112807.68
Calcorp Services Pty Ltd,Graffiti management and pressure cleaning services,3668,2025-11-14,100000.0
National Protective Services Pty Ltd,Integrated security services,3686,2028-05-12,60250.94
Reino International Pty Ltd T/A Duncan Solutions,Parking technology services,3623,2028-08-14,173902.01
Calcorp Services Pty Ltd,Graffiti management and pressure cleaning services,3668,2025-03-25,66145.33
Citywide Service Solutions Pty Ltd,Civil infrastructure services,3665,2029-09-09,201909.97
Citywide Service Solutions Pty Ltd,Civil infrastructure services,3665,2029-07-22,150714.2
Reino International Pty Ltd T/A Duncan Solutions,Parking technology services,3623,2028-12-07,94683.29
SERCO,Open spaces management - region 2,3677,2026-04-17,130771.33
Citywide Service Solutions Pty Ltd,Open spaces management - region 1,3676,2025-09-23,112158.01
Programmed Facility Management Pty Ltd,Building maintenance services,3630,2026-06-22,83133.82
Programmed Facility Management Pty Ltd,Building maintenance services,3630,2028-06-21,11766.37
Citywide Service Solutions Pty Ltd,Tree management maintenance services,3678,2029-11-05,220668.75
Victorian YMCA Community Programming Pty Ltd,Management of Active Melbourne recreation facilities,3615,2026-10-22,198591.77
Citywide Service Solutions Pty Ltd,Open spaces management - region 1,3676,2025-01-05,
Victorian YMCA Community Programming Pty Ltd,Management of Active Melbourne recreation facilities, ,2025-03-16,100000.0
Showtime Event Group Pty Ltd,Melbourne Town Hall venue management,3670,2028-11-26,100071.32
Nationwide Towing Services,Vehicle tow away and impound services,3585,2029-03-02,178304.73
National Protective Services Pty Ltd,Melbourne Town Hall venue management, ,2029-11-03,137973.03
Reino International Pty Ltd T/A Duncan Solutions,Parking technology services,3623,2029-07-02,30569.51
Menzies International (Aust) Pty Ltd,Building cleaning services,3634,2028-11-08,0.0
Nationwide Towing Services,Vehicle tow away and impound services,3585,2028-09-20,200000.0
SERCO,Open spaces management - region 2,3677,2027-05-21,189077.25
Nationwide Towing Services,Vehicle tow away and impound services,3585,2029-05-11,13655.88
Calcorp Services Pty Ltd,Graffiti management and pressure cleaning services,3668,2026-07-03,0.0
Citywide Service Solutions Pty Ltd,Civil infrastructure services,3665,2025-11-19,141635.49
Spotless Facility Services Pty Ltd,Street cleaning,3669,2025-09-25,200000.0
Citywide Service Solutions Pty Ltd,Tree management maintenance services,3678,2027-02-24,154963.91
Reino International Pty Ltd T/A Duncan Solutions,Parking technology services,3623,2028-09-18,100000.0
Victorian YMCA Community Programming Pty Ltd,Management of Active Melbourne recreation facilities,3615,2026-12-29,159639.93
Calcorp Services Pty Ltd,Graffiti management and pressure cleaning services,3668,2026-03-06,76896.27
Showtime Event Group Pty Ltd,Melbourne Town Hall venue management,3670,2025-02-14,66236.66
Citywide Service Solutions Pty Ltd,Open spaces management - region 1,3676,2029-01-10,202006.29
Programmed Facility Management Pty Ltd,Building maintenance services,3630,2025-07-20,43471.27
Victorian YMCA Community Programming Pty Ltd,Management of Active Melbourne recreation facilities,3615,2028-01-24,126772.63
Cleanaway Waste Management Limited,Waste management services,3556,2027-06-28,76368.71
Reino International Pty Ltd T/A Duncan Solutions,Parking technology services,3623,2028-04-13,76751.77
Reino International Pty Ltd T/A Duncan Solutions,Parking technology services,3623,2029-02-01,12428.75
Spotless Facility Services Pty Ltd,Street cleaning, ,2026-06-05,148927.69
Showtime Event Group Pty Ltd,Melbourne Town Hall venue management,3670,2025-04-13,73580.87
National Protective Services Pty Ltd,Integrated security services,3686,2029-10-21,49204.42
Citywide Service Solutions Pty Ltd,Tree management maintenance services,3678,2027-03-17,161848.74
Victorian YMCA Community Programming Pty Ltd,Management of Active Melbourne recreation facilities,3615,2026-09-10,159107.4
Menzies International (Aust) Pty Ltd,Building cleaning services,3634,2027-03-26,200000.0
National Protective Services Pty Ltd,Integrated security services,3686,2028-04-13,200000.0
SERCO,Open spaces management - region 2,3677,2025-07-19,166792.29
Programmed Facility Management Pty Ltd,Building maintenance services,3630,2027-05-21,208882.55
Citywide Service Solutions Pty Ltd,Open spaces management - region 1,3676,2029-08-27,100000.0
Programmed Facility Management Pty Ltd,Building maintenance services,3630,2025-12-28,165144.24
Cleanaway Waste Management Limited,Waste management services,3556,2028-08-11,5434.62
SERCO,Open spaces management - region 2,3677,2029-02-23,111384.63
Citywide Service Solutions Pty Ltd,Open spaces management - region 1,3676,2028-10-20,170815.99
Citywide Service Solutions Pty Ltd,Civil infrastructure services,3665,2027-08-18,159854.41
Calcorp Services Pty Ltd,Graffiti management and pressure cleaning services,3668,2027-10-11,142830.17
Citywide Service Solutions Pty Ltd,Civil infrastructure services,3665,2027-12-10,96887.11
Menzies International (Aust) Pty Ltd,Building cleaning services,3634,2027-06-10,170381.02
Showtime Event Group Pty Ltd,Melbourne Town Hall venue management,3670,2027-06-11,168506.85
Citywide Service Solutions Pty Ltd,Civil infrastructure services,3665,2026-09-25,65376.42
Victorian YMCA Community Programming Pty Ltd,Management of Active Melbourne recreation facilities,3615,2025-11-07,200000.0
National Protective Services Pty Ltd,Integrated security services,3686,2027-01-04,182567.66
Nationwide Towing Services,Vehicle tow away and impound services,3585,2026-04-02,100000.0
Programmed Facility Management Pty Ltd,Building maintenance services,3630,2027-05-11,200000.0
Victorian YMCA Community Programming Pty Ltd,Management of Active Melbourne recreation facilities,3615,2026-05-11,100000.0
Showtime Event Group Pty Ltd,Melbourne Town Hall venue management,3670,2027-11-28,0.0
Showtime Event Group Pty Ltd,Melbourne Town Hall venue management,3670,2026-10-10,7628.26
Victorian YMCA Community Programming Pty Ltd,Management of Active Melbourne recreation facilities,3615,2026-04-03,123168.98
Menzies International (Aust) Pty Ltd,Building cleaning services,3634,2026-12-15,42918.2
Calcorp Services Pty Ltd,Graffiti management and pressure cleaning services,3668,2028-07-12,164580.2
Citywide Service Solutions Pty Ltd,Open spaces management - region 1,3676,2027-05-14,193113.01
National Protective Services Pty Ltd,Integrated security services,3686,2027-06-13,203969.02
National Protective Services Pty Ltd,Integrated security services,3686,2029-08-15,27711.21
Citywide Service Solutions Pty Ltd,Tree management maintenance services,3678,2028-12-29,175862.57
SERCO,Open spaces management - region 2,3677,2026-08-05,0.0
Calcorp Services Pty Ltd,Graffiti management and pressure cleaning services,3668,2025-11-25,152682.94
Nationwide Towing Services,Vehicle tow away and impound services,3585,2027-07-11,184225.68
SERCO,Open spaces management - region 2,3677,2025-04-22,106868.57
Spotless Facility Services Pty Ltd,Street cleaning,3669,2028-07-30,144607.21
Citywide Service Solutions Pty Ltd,Open spaces management - region 1,3676,2027-09-11,26739.8
Citywide Service Solutions Pty Ltd,Civil infrastructure services,3665,2027-01-04,74358.27
Citywide Service Solutions Pty Ltd,Open spaces management - region 1,3676,2026-03-12,184742.76
Programmed Facility Management Pty Ltd,Building maintenance services,3630,2025-07-06,140028.85
Citywide Service Solutions Pty Ltd,Open spaces management - region 1,3676,2029-03-28,111361.34
Cleanaway Waste Management Limited,Waste management services,3556,2029-05-17,152678.8
National Protective Services Pty Ltd,Integrated security services,3686,2028-01-20,127864.74
Spotless Facility Services Pty Ltd,Street cleaning,3669,2029-04-28,96806.75
Reino International Pty Ltd T/A Duncan Solutions,Parking technology services,3623,2029-09-08,57584.89
Spotless Facility Services Pty Ltd,Street cleaning,3669,2029-03-05,203528.92
Nationwide Towing Services,Vehicle tow away and impound services,3585,2028-07-20,208240.62
Citywide Service Solutions Pty Ltd,Civil infrastructure services,3665,2028-02-20,10905.0
Victorian YMCA Community Programming Pty Ltd,Management of Active Melbourne recreation facilities,3615,2025-08-07,190569.87
Nationwide Towing Services,Vehicle tow away and impound services,3585,2025-08-05,0.0
National Protective Services Pty Ltd,Integrated security services,3686,2026-10-13,178393.02
Victorian YMCA Community Programming Pty Ltd,Management of Active Melbourne recreation facilities,3615,2029-03-29,120356.17
Menzies International (Aust) Pty Ltd,Building cleaning services,3634,2029-09-05,174971.13
Citywide Service Solutions Pty Ltd,Civil infrastructure services,3665,2025-05-16,141203.77
Victorian YMCA Community Programming Pty Ltd,Management of Active Melbourne recreation facilities,3615,2027-08-28,160093.01
Showtime Event Group Pty Ltd,Melbourne Town Hall venue management,3670,2027-05-12,45289.22
Calcorp Services Pty Ltd,Graffiti management and pressure cleaning services,3668,2027-09-07,33675.31
Programmed Facility Management Pty Ltd,Building maintenance services,3630,2025-12-11,72647.5
Citywide Service Solutions Pty Ltd,Open spaces management - region 1,3676,2028-10-12,221862.35
Calcorp Services Pty Ltd,Graffiti management and pressure cleaning services,3668,2028-02-29,179196.67
Victorian YMCA Community Programming Pty Ltd,Management of Active Melbourne recreation facilities,3615,2028-02-25,94954.62
Citywide Service Solutions Pty Ltd,Tree management maintenance services,3678,2028-03-30,30827.23
Calcorp Services Pty Ltd,Graffiti management and pressure cleaning services,3668,2028-03-13,218339.97
Programmed Facility Management Pty Ltd,Building maintenance services,3630,2025-07-04,47478.27
Citywide Service Solutions Pty Ltd,Tree management maintenance services,3678,2025-09-01,200000.0
Citywide Service Solutions Pty Ltd,Open spaces management - region 1, ,2028-01-21,181456.81
Programmed Facility Management Pty Ltd,Building maintenance services,3630,2026-01-24,3174.92
Menzies International (Aust) Pty Ltd,Building cleaning services, ,2026-07-26,26208.99
Showtime Event Group Pty Ltd,Melbourne Town Hall venue management,3670,2029-12-08,64369.73
Victorian YMCA Community Programming Pty Ltd,Management of Active Melbourne recreation facilities,3615,2026-05-18,14929.08
Cleanaway Waste Management Limited,Waste management services,3556,2025-02-21,193607.11
National Protective Services Pty Ltd,Integrated security services,3686,2028-02-09,175760.95
Showtime Event Group Pty Ltd,Melbourne Town Hall venue management,3670,2025-06-17,203203.43
Programmed Facility Management Pty Ltd,Building maintenance services,3630,2025-11-19,200000.0
Calcorp Services Pty Ltd,Graffiti management and pressure cleaning services,3668,2026-02-18,200000.0
National Protective Services Pty Ltd,Integrated security services,3686,2029-05-22,0.0
Nationwide Towing Services,Vehicle tow away and impound services,3585,2025-07-04,146537.02
Spotless Facility Services Pty Ltd,Street cleaning,3669,2027-11-28,210305.07
Programmed Facility Management Pty Ltd,Building maintenance services,3630,2028-05-14,100000.0
National Protective Services Pty Ltd,Integrated security services,3686,2026-09-07,188349.83
Programmed Facility Management Pty Ltd,Building maintenance services,3630,2028-07-05,190750.57
Nationwide Towing Services,Vehicle tow away and impound services,3585,2027-03-10,100000.0
Cleanaway Waste Management Limited,Waste management services,3556,2029-05-07,185748.2
Citywide Service Solutions Pty Ltd,Civil infrastructure services,3665,2028-01-05,241142.34
National Protective Services Pty Ltd,Integrated security services,3686,2025-10-25,156499.22
Showtime Event Group Pty Ltd,Melbourne Town Hall venue management,3670,2027-10-12,1551.26
Menzies International (Aust) Pty Ltd,Building cleaning services,3634,2027-01-17,10401.81
Nationwide Towing Services,Vehicle tow away and impound services,3585,2028-12-28,116464.51
Reino International Pty Ltd T/A Duncan Solutions,Parking technology services,3623,2029-05-27,59585.86
Victorian YMCA Community Programming Pty Ltd,Management of Active Melbourne recreation facilities,3615,2027-04-11,82524.04
Showtime Event Group Pty Ltd,Melbourne Town Hall venue management,3670,2029-01-25,73075.28
Cleanaway Waste Management Limited,Waste management services,3556,2029-08-29,91609.71
Citywide Service Solutions Pty Ltd,Civil infrastructure services, ,2027-05-24,157207.61
Nationwide Towing Services,Vehicle tow away and impound services,3585,2025-02-18,69318.01
Calcorp Services Pty Ltd,Graffiti management and pressure cleaning services,3668,2026-10-01,43351.83
Citywide Service Solutions Pty Ltd,Open spaces management - region 1,3676,2028-02-03,149786.13
Calcorp Services Pty Ltd,Graffiti management and pressure cleaning services,3668,2029-04-23,120033.1
Programmed Facility Management Pty Ltd,Building maintenance services,3630,2025-12-16,124557.85
Victorian YMCA Community Programming Pty Ltd,Management of Active Melbourne recreation facilities,3615,2028-11-02,45818.59
Citywide Service Solutions Pty Ltd,Open spaces management - region 1,3676,2029-10-11,43498.86
Citywide Service Solutions Pty Ltd,Civil infrastructure services,3665,2027-10-04,100000.0
Citywide Service Solutions Pty Ltd,Tree management maintenance services,3678,2027-02-24,142641.6
Cleanaway Waste Management Limited,Waste management services,3556,2025-08-31,126180.09
National Protective Services Pty Ltd,Integrated security services,3686,2029-03-05,227370.21
Citywide Service Solutions Pty Ltd,Civil infrastructure services,3665,2027-02-01,92139.44
Citywide Service Solutions Pty Ltd,Open spaces management - region 1,3676,2027-06-16,163295.25
National Protective Services Pty Ltd,Integrated security services,3686,,200000.0
Programmed Facility Management Pty Ltd,Building maintenance services,3630,2027-08-27,21071.49
SERCO,Open spaces management - region 2,3677,2027-06-06,97286.86
Menzies International (Aust) Pty Ltd,Building cleaning services,3634,2029-12-15,10956.33
Programmed Facility Management Pty Ltd,Building maintenance services,3630,2028-10-15,29733.07
Nationwide Towing Services,Vehicle tow away and impound services,3585,2028-03-30,35364.52
SERCO,Open spaces management - region 2,3677,2029-09-15,168176.62
Reino International Pty Ltd T/A Duncan Solutions,Parking technology services,3623,2028-10-04,91026.22
National Protective Services Pty Ltd,Integrated security services,3686,2027-07-27,92512.0
Citywide Service Solutions Pty Ltd,Civil infrastructure services,3665,2026-03-18,66640.23
Calcorp Services Pty Ltd,Graffiti management and pressure cleaning services,3668,2027-10-01,80070.0
Cleanaway Waste Management Limited,Waste management services,3556,2029-07-13,200000.0
Calcorp Services Pty Ltd,Graffiti management and pressure cleaning services,3668,2029-05-30,108129.6
Spotless Facility Services Pty Ltd,Street cleaning,3669,2028-07-16,146822.26
Victorian YMCA Community Programming Pty Ltd,Management of Active Melbourne recreation facilities,3615,2025-12-18,
Citywide Service Solutions Pty Ltd,Civil infrastructure services,3665,2028-04-27,100000.0
Nationwide Towing Services,Vehicle tow away and impound services,3585,2025-12-06,204229.58
Menzies International (Aust) Pty Ltd,Building cleaning services,3634,2028-06-12,181096.43
Spotless Facility Services Pty Ltd,Street cleaning,3669,2029-04-05,183228.64
Menzies International (Aust) Pty Ltd,Building cleaning services,3634,2028-03-19,12316.97
Victorian YMCA Community Programming Pty Ltd,Management of Active Melbourne recreation facilities,3615,2028-09-21,128118.17
Citywide Service Solutions Pty Ltd,Open spaces management - region 1,3676,2028-03-10,84425.38
Calcorp Services Pty Ltd,Graffiti management and pressure cleaning services,3668,2028-06-13,193479.91
SERCO,Open spaces management - region 2,3677,2026-11-17,0.0
Citywide Service Solutions Pty Ltd,Tree management maintenance services,3678,2026-04-06,76160.07
Calcorp Services Pty Ltd,Graffiti management and pressure cleaning services,3668,2026-07-24,231957.91
Cleanaway Waste Management Limited,Waste management services,3556,2029-01-20,195186.4
Citywide Service Solutions Pty Ltd,Tree management maintenance services,3678,2029-05-15,100000.0
Victorian YMCA Community Programming Pty Ltd,Management of Active Melbourne recreation facilities,3615,2025-06-13,200000.0
Citywide Service Solutions Pty Ltd,Civil infrastructure services,3665,2026-12-10,36145.23
Citywide Service Solutions Pty Ltd,Civil infrastructure services,3665,2025-11-02,0.0
Cleanaway Waste Management Limited,Waste management services,3556,2027-01-08,200000.0
Citywide Service Solutions Pty Ltd,Tree management maintenance services,3678,2027-08-08,62836.87
Programmed Facility Management Pty Ltd,Building maintenance services,3630,2029-10-27,200000.0
Reino International Pty Ltd T/A Duncan Solutions,Parking technology services,3623,2026-03-14,0.0
SERCO,Open spaces management - region 2,3677,2026-02-01,129736.55
Citywide Service Solutions Pty Ltd,Civil infrastructure services,3665,2026-12-30,100000.0
Citywide Service Solutions Pty Ltd,Open spaces management - region 1,3676,2026-02-08,100000.0
Citywide Service Solutions Pty Ltd,Civil infrastructure services,3665,2029-07-22,200000.0
Citywide Service Solutions Pty Ltd,Open spaces management - region 1,3676,2027-05-03,100000.0
SERCO,Open spaces management - region 2,3677,2027-07-27,200000.0
Calcorp Services Pty Ltd,Graffiti management and pressure cleaning services,3668,2028-09-08,3135.61
Programmed Facility Management Pty Ltd,Building maintenance services,3630,2028-01-31,0.0
Calcorp Services Pty Ltd,Graffiti management and pressure cleaning services,3668,2025-05-12,200000.0
Nationwide Towing Services,Vehicle tow away and impound services,3585,2028-05-10,200000.0
Cleanaway Waste Management Limited,Waste management services,3556,2027-11-21,117346.18
Spotless Facility Services Pty Ltd,Street cleaning,3669,2025-04-18,215792.69
National Protective Services Pty Ltd,Integrated security services,3686,2027-06-09,100000.0
Showtime Event Group Pty Ltd,Melbourne Town Hall venue management,3670,2026-08-06,213055.95
Nationwide Towing Services,Vehicle tow away and impound services,3585,2025-09-09,174944.03
Spotless Facility Services Pty Ltd,Street cleaning,3669,,103943.71
Cleanaway Waste Management Limited,Waste management services,3556,2027-07-19,20989.62
Spotless Facility Services Pty Ltd,Street cleaning,3669,2025-04-17,141754.56
Showtime Event Group Pty Ltd,Melbourne Town Hall venue management,3670,2027-02-22,28991.37
Showtime Event Group Pty Ltd,Melbourne Town Hall venue management,3670,2029-01-05,195489.58
SERCO,Open spaces management - region 2,3677,2026-01-01,200000.0
SERCO,Open spaces management - region 2,3677,2026-06-14,145474.74
National Protective Services Pty Ltd,Integrated security services,3686,2028-10-21,200000.0
Menzies International (Aust) Pty Ltd,Building cleaning services,3634,2026-11-04,200000.0
Menzies International (Aust) Pty Ltd,Building cleaning services,3634,2027-02-11,244090.74
Citywide Service Solutions Pty Ltd,Tree management maintenance services,3678,2027-02-01,155396.1
National Protective Services Pty Ltd,Integrated security services, ,2028-01-04,21035.78
Calcorp Services Pty Ltd,Graffiti management and pressure cleaning services,3668,2026-06-24,184462.51
SERCO,Open spaces management - region 2,3677,2025-09-28,161402.6
Showtime Event Group Pty Ltd,Melbourne Town Hall venue management,3670,2029-10-25,100000.0
National Protective Services Pty Ltd,Integrated security services,3686,2026-03-17,142092.68
Citywide Service Solutions Pty Ltd,Open spaces management - region 1,3676,2029-11-27,221345.87
Calcorp Services Pty Ltd,Graffiti management and pressure cleaning services,3668,2025-03-18,224692.59
Nationwide Towing Services,Vehicle tow away and impound services,3585,2028-07-07,100000.0
SERCO,Open spaces management - region 2,3677,2026-08-14,106627.13
National Protective Services Pty Ltd,Integrated security services,3686,2027-09-13,100000.0
Reino International Pty Ltd T/A Duncan Solutions,Parking technology services,3623,2025-08-25,115381.29
Victorian YMCA Community Programming Pty Ltd,Management of Active Melbourne recreation facilities, ,2025-09-19,84713.67
Menzies International (Aust) Pty Ltd,Building cleaning services,3634,2028-08-22,164940.57
Victorian YMCA Community Programming Pty Ltd,Management of Active Melbourne recreation facilities,3615,2029-06-04,237233.25
Nationwide Towing Services,Vehicle tow away and impound services,3585,2029-12-14,58619.45
Nationwide Towing Services,Vehicle tow away and impound services,3585,2025-12-02,236943.95
Menzies International (Aust) Pty Ltd,Building cleaning services, ,2027-10-31,208084.0
Citywide Service Solutions Pty Ltd,Open spaces management - region 1,3676,2028-11-01,107013.42
National Protective Services Pty Ltd,Integrated security services,3686,2027-02-14,64444.65
Citywide Service Solutions Pty Ltd,Civil infrastructure services,3665,2026-03-07,77788.99
Citywide Service Solutions Pty Ltd,Civil infrastructure services,3665,2029-06-01,0.0
Citywide Service Solutions Pty Ltd,Tree management maintenance services,3678,2028-08-09,100000.0
Showtime Event Group Pty Ltd,Melbourne Town Hall venue management,3670,2029-11-10,40968.6
Calcorp Services Pty Ltd,Graffiti management and pressure cleaning services,3668,2025-10-03,148016.96
National Protective Services Pty Ltd,Integrated security services,3686,2026-02-10,237279.71
National Protective Services Pty Ltd,Integrated security services,3686,2027-12-12,228350.91
Spotless Facility Services Pty Ltd,Street cleaning,3669,2027-02-27,234861.12
Citywide Service Solutions Pty Ltd,Tree management maintenance services,3678,2027-06-23,200000.0
Showtime Event Group Pty Ltd,Melbourne Town Hall venue management,3670,2029-08-09,18505.69
Nationwide Towing Services,Vehicle tow away and impound services,3585,2025-11-02,176324.68
Calcorp Services Pty Ltd,Graffiti management and pressure cleaning services,3668,2026-04-28,146765.75
Reino International Pty Ltd T/A Duncan Solutions,Parking technology services,3623,2029-10-29,105618.31
Citywide Service Solutions Pty Ltd,Open spaces management - region 1,3676,2029-05-18,35192.84
Nationwide Towing Services,Vehicle tow away and impound services, ,2026-11-30,173186.91
Citywide Service Solutions Pty Ltd,Open spaces management - region 1,3676,2028-05-12,240619.24
Reino International Pty Ltd T/A Duncan Solutions,Parking technology services,3623,2025-03-10,118822.58
Nationwide Towing Services,Vehicle tow away and impound services,3585,2027-02-15,138692.08
Victorian YMCA Community Programming Pty Ltd,Management of Active Melbourne recreation facilities,3615,2026-01-19,48193.71
Citywide Service Solutions Pty Ltd,Tree management maintenance services,3678,2026-01-23,249090.51
Citywide Service Solutions Pty Ltd,Tree management maintenance services, ,2028-10-08,132345.0
Menzies International (Aust) Pty Ltd,Building cleaning services,3634,2025-03-21,208709.43
Showtime Event Group Pty Ltd,Melbourne Town Hall venue management,3670,2026-12-13,89924.0
National Protective Services Pty Ltd,Integrated security services,3686,2028-06-13,42706.78
Citywide Service Solutions Pty Ltd,Open spaces management - region 1,3676,2025-09-10,17982.1
Victorian YMCA Community Programming Pty Ltd,Management of Active Melbourne recreation facilities,3615,2025-06-25,100000.0
Spotless Facility Services Pty Ltd,Street cleaning,3669,2029-03-24,200000.0
Showtime Event Group Pty Ltd,Melbourne Town Hall venue management,3670,2027-07-08,690.17
SERCO,Open spaces management - region 2,3677,2029-09-29,129720.31
Citywide Service Solutions Pty Ltd,Open spaces management - region 1,3676,2028-07-09,151350.51
Citywide Service Solutions Pty Ltd,Tree management maintenance services,3678,2028-06-15,136574.6
Citywide Service Solutions Pty Ltd,Open spaces management - region 1,3676,2026-03-30,100000.0
National Protective Services Pty Ltd,Integrated security services,3686,2025-01-11,113061.18
Reino International Pty Ltd T/A Duncan Solutions,Parking technology services,3623,2027-08-21,94220.19
SERCO,Open spaces management - region 2,3677,2025-11-15,71624.03
Citywide Service Solutions Pty Ltd,Civil infrastructure services,3665,2025-01-14,200000.0
Calcorp Services Pty Ltd,Graffiti management and pressure cleaning services,3668,2026-04-07,200000.0
Nationwide Towing Services,Vehicle tow away and impound services,3585,2029-11-28,236768.5
Citywide Service Solutions Pty Ltd,Open spaces management - region 1,3676,2029-11-07,232216.65
Showtime Event Group Pty Ltd,Melbourne Town Hall venue management,3670,2028-09-14,100000.0
Spotless Facility Services Pty Ltd,Street cleaning,3669,2025-11-30,100000.0
Cleanaway Waste Management Limited,Waste management services,3556,2026-11-03,0.0
SERCO,Open spaces management - region 2,3677,2026-08-17,217793.63
Menzies International (Aust) Pty Ltd,Building cleaning services,3634,2027-11-27,41285.28
Victorian YMCA Community Programming Pty Ltd,Management of Active Melbourne recreation facilities,3615,2027-04-11,103476.32
Programmed Facility Management Pty Ltd,Building maintenance services,3630,2027-03-30,147371.4
Citywide Service Solutions Pty Ltd,Open spaces management - region 1,3676,2025-03-10,193391.43
Citywide Service Solutions Pty Ltd,Tree management maintenance services,3678,2029-02-04,233266.16
SERCO,Open spaces management - region 2,3677,2029-05-18,36726.16
Programmed Facility Management Pty Ltd,Building maintenance services,3630,2026-06-25,0.0
Nationwide Towing Services,Vehicle tow away and impound services,3585,2029-08-07,241019.25
Calcorp Services Pty Ltd,Graffiti management and pressure cleaning services,3668,2029-02-04,163175.8
Spotless Facility Services Pty Ltd,Street cleaning,3669,2027-01-12,202984.23
Victorian YMCA Community Programming Pty Ltd,Management of Active Melbourne recreation facilities,3615,2027-09-17,244735.73
Nationwide Towing Services,Vehicle tow away and impound services,3585,2027-11-01,5928.68
Calcorp Services Pty Ltd,Graffiti management and pressure cleaning services,3668,2028-06-18,100477.48
Showtime Event Group Pty Ltd,Melbourne Town Hall venue management,3670,2028-03-21,107762.05
Reino International Pty Ltd T/A Duncan Solutions,Parking technology services,3623,2027-04-02,100000.0
Citywide Service Solutions Pty Ltd,Civil infrastructure services,3665,2027-02-23,34301.51
Menzies International (Aust) Pty Ltd,Building cleaning services, ,2027-07-25,200000.0
Victorian YMCA Community Programming Pty Ltd,Management of Active Melbourne recreation facilities,3615,2029-10-30,2973.59
Showtime Event Group Pty Ltd,Melbourne Town Hall venue management,3670,2027-07-26,189750.89
Citywide Service Solutions Pty Ltd,Graffiti management and pressure cleaning services, ,2026-11-22,96794.04
Citywide Service Solutions Pty Ltd,Civil infrastructure services,3665,2026-06-20,201552.02
Programmed Facility Management Pty Ltd,Building maintenance services,3630,2026-08-21,216577.94
Spotless Facility Services Pty Ltd,Street cleaning, ,2027-09-04,200000.0
National Protective Services Pty Ltd,Integrated security services,3686,2026-11-13,235729.74
Nationwide Towing Services,Vehicle tow away and impound services, ,2027-06-14,71454.42
Cleanaway Waste Management Limited,Waste management services,3556,2028-12-30,
National Protective Services Pty Ltd,Integrated security services,3686,2029-07-23,200185.77
Reino International Pty Ltd T/A Duncan Solutions,Parking technology services,3623,2026-05-17,20027.45
SERCO,Open spaces management - region 2,3677,2029-08-28,207698.72
Menzies International (Aust) Pty Ltd,Building cleaning services,3634,2028-07-04,57149.1
Victorian YMCA Community Programming Pty Ltd,Management of Active Melbourne recreation facilities,3615,2027-05-02,150731.58
National Protective Services Pty Ltd,Integrated security services,3686,2027-06-27,11991.93
Spotless Facility Services Pty Ltd,Street cleaning, ,2026-08-22,238600.07
Victorian YMCA Community Programming Pty Ltd,Management of Active Melbourne recreation facilities,3615,2028-09-04,131840.88
Menzies International (Aust) Pty Ltd,Building cleaning services,3634,2026-11-08,0.0
National Protective Services Pty Ltd,Integrated security services,3686,2026-03-27,242321.18
Nationwide Towing Services,Vehicle tow away and impound services,3585,2026-02-02,0.0
Spotless Facility Services Pty Ltd,Street cleaning,3669,2025-04-20,182880.9
Citywide Service Solutions Pty Ltd,Civil infrastructure services,3665,2027-04-02,0.0
Victorian YMCA Community Programming Pty Ltd,Management of Active Melbourne recreation facilities,3615,,222676.66
Menzies International (Aust) Pty Ltd,Building cleaning services,3634,2025-01-31,41601.92
Spotless Facility Services Pty Ltd,Street cleaning,3669,2028-01-23,118169.89
Citywide Service Solutions Pty Ltd,Open spaces management - region 1,3676,2026-07-13,143146.73
SERCO,Open spaces management - region 2,3677,2028-06-01,74866.69
SERCO,Open spaces management - region 2,3677,2025-03-30,187202.66
Reino International Pty Ltd T/A Duncan Solutions,Parking technology services,3623,2027-01-24,129002.0
Citywide Service Solutions Pty Ltd,Civil infrastructure services,3665,2026-08-27,188483.6
SERCO,Open spaces management - region 2,3677,2028-06-09,58030.45
Showtime Event Group Pty Ltd,Melbourne Town Hall venue management,3670,2025-01-11,136677.07
Calcorp Services Pty Ltd,Graffiti management and pressure cleaning services,3668,2028-10-07,20571.78
Victorian YMCA Community Programming Pty Ltd,Management of Active Melbourne recreation facilities,3615,2028-08-03,110909.28
Citywide Service Solutions Pty Ltd,Tree management maintenance services,3678,2025-12-24,128071.46
Menzies International (Aust) Pty Ltd,Building cleaning services,3634,2026-04-01,218726.05
Reino International Pty Ltd T/A Duncan Solutions,Parking technology services,3623,2029-08-29,
Reino International Pty Ltd T/A Duncan Solutions,Parking technology services,3623,2026-11-24,
Calcorp Services Pty Ltd,Graffiti management and pressure cleaning services,3668,2026-09-01,141878.02
National Protective Services Pty Ltd,Integrated security services,3686,2026-10-06,59640.91
Cleanaway Waste Management Limited,Waste management services,3556,2027-01-20,
Citywide Service Solutions Pty Ltd,Tree management maintenance services,3678,2028-04-26,134621.22
Reino International Pty Ltd T/A Duncan Solutions,Parking technology services,3623,2026-07-10,68502.45
Cleanaway Waste Management Limited,Waste management services,3556,2028-06-26,200000.0
Calcorp Services Pty Ltd,Graffiti management and pressure cleaning services,3668,2025-12-11,27902.61
Programmed Facility Management Pty Ltd,Building maintenance services,3630,2028-02-24,40837.01
Citywide Service Solutions Pty Ltd,Civil infrastructure services,3665,2029-08-20,65281.23
SERCO,Open spaces management - region 2,3677,2029-12-31,156063.22
Victorian YMCA Community Programming Pty Ltd,Management of Active Melbourne recreation facilities,3615,2025-08-27,0.0
Citywide Service Solutions Pty Ltd,Tree management maintenance services, ,2025-02-08,200000.0
Programmed Facility Management Pty Ltd,Building maintenance services,3630,2025-10-30,65446.17
Spotless Facility Services Pty Ltd,Street cleaning,3669,2027-12-04,99678.32
Citywide Service Solutions Pty Ltd,Open spaces management - region 1,3676,2026-07-23,194294.39
Victorian YMCA Community Programming Pty Ltd,Management of Active Melbourne recreation facilities,3615,2027-10-14,200000.0
Victorian YMCA Community Programming Pty Ltd,Management of Active Melbourne recreation facilities,3615,2026-02-07,100000.0
Menzies International (Aust) Pty Ltd,Building cleaning services,3634,2028-02-03,200000.0
Spotless Facility Services Pty Ltd,Street cleaning,3669,2026-07-04,119558.65
National Protective Services Pty Ltd,Integrated security services,3686,2028-03-09,187367.67
Spotless Facility Services Pty Ltd,Street cleaning,3669,2026-07-03,35275.63
Showtime Event Group Pty Ltd,Melbourne Town Hall venue management,3670,2029-04-26,142544.74
SERCO,Open spaces management - region 2,3677,2027-03-08,102775.84
Calcorp Services Pty Ltd,Graffiti management and pressure cleaning services,3668,2029-09-04,246092.09
Spotless Facility Services Pty Ltd,Street cleaning,3669,2028-10-02,141866.15
Programmed Facility Management Pty Ltd,Building maintenance services,3630,2026-07-25,175917.94
Citywide Service Solutions Pty Ltd,Civil infrastructure services,3665,2027-06-09,249415.98
Showtime Event Group Pty Ltd,Melbourne Town Hall venue management,3670,2027-09-10,80791.88
National Protective Services Pty Ltd,Integrated security services,3686,2028-04-18,223742.54
Spotless Facility Services Pty Ltd,Street cleaning,3669,2029-04-12,144026.68
Citywide Service Solutions Pty Ltd,Open spaces management - region 1,3676,2028-04-14,100000.0
Reino International Pty Ltd T/A Duncan Solutions,Parking technology services,3623,2025-03-04,41148.19
Cleanaway Waste Management Limited,Waste management services,3556,2025-07-20,200000.0
Nationwide Towing Services,Vehicle tow away and impound services,3585,2029-05-26,38986.96
National Protective Services Pty Ltd,Integrated security services,3686,2028-10-07,87929.5
Menzies International (Aust) Pty Ltd,Building cleaning services,3634,2028-01-20,211175.51
Citywide Service Solutions Pty Ltd,Open spaces management - region 1,3676,2025-10-07,219359.91
Showtime Event Group Pty Ltd,Melbourne Town Hall venue management,3670,2028-07-13,102535.26
Citywide Service Solutions Pty Ltd,Open spaces management - region 1,3676,2026-03-22,169029.0
Cleanaway Waste Management Limited,Waste management services,3556,2025-07-10,200000.0
Nationwide Towing Services,Vehicle tow away and impound services,3585,2027-10-07,204885.52
Cleanaway Waste Management Limited,Waste management services,3556,2026-01-01,206045.25
SERCO,Open spaces management - region 2,3677,2029-12-04,80426.08
Citywide Service Solutions Pty Ltd,Civil infrastructure services,3665,2029-06-10,26294.6
Citywide Service Solutions Pty Ltd,Open spaces management - region 1,3676,2026-03-03,124536.71
Programmed Facility Management Pty Ltd,Building maintenance services,3630,2026-02-03,
Programmed Facility Management Pty Ltd,Building maintenance services,3630,2027-01-03,12462.42
Cleanaway Waste Management Limited,Waste management services,3556,2025-11-14,196341.24
Calcorp Services Pty Ltd,Graffiti management and pressure cleaning services, ,2029-09-01,81665.22
Cleanaway Waste Management Limited,Waste management services,3556,2026-10-09,10482.46
Cleanaway Waste Management Limited,Waste management services,3556,2027-07-22,155312.06
Victorian YMCA Community Programming Pty Ltd,Management of Active Melbourne recreation facilities,3615,2027-08-23,180269.9
Nationwide Towing Services,Vehicle tow away and impound services,3585,2026-07-16,161708.61
Calcorp Services Pty Ltd,Graffiti management and pressure cleaning services,3668,2025-09-17,216507.68
Menzies International (Aust) Pty Ltd,Building cleaning services, ,2029-05-29,168865.34
Victorian YMCA Community Programming Pty Ltd,Management of Active Melbourne recreation facilities,3615,2029-04-03,148727.85
Reino International Pty Ltd T/A Duncan Solutions,Parking technology services,3623,2025-10-15,172081.0
Reino International Pty Ltd T/A Duncan Solutions,Parking technology services,3623,2025-12-22,53068.25
Reino International Pty Ltd T/A Duncan Solutions,Parking technology services,3623,2025-02-02,100000.0
Showtime Event Group Pty Ltd,Melbourne Town Hall venue management,3670,2028-12-10,22105.49
Nationwide Towing Services,Vehicle tow away and impound services,3585,2026-04-29,176743.39
National Protective Services Pty Ltd,Integrated security services,3686,2027-03-14,5822.14
SERCO,Open spaces management - region 2,3677,2027-08-14,100000.0
Nationwide Towing Services,Vehicle tow away and impound services,3585,2026-02-21,8736.19
Programmed Facility Management Pty Ltd,Building maintenance services,3630,2029-09-17,7396.7
National Protective Services Pty Ltd,Integrated security services,3686,2026-11-26,164968.5
National Protective Services Pty Ltd,Open spaces management - region 2, ,2026-12-20,100000.0
Calcorp Services Pty Ltd,Graffiti management and pressure cleaning services,3668,2026-11-03,200000.0
Programmed Facility Management Pty Ltd,Building maintenance services,3630,2028-04-23,79526.24
SERCO,Open spaces management - region 2,3677,2027-09-11,127258.31
Showtime Event Group Pty Ltd,Melbourne Town Hall venue management,3670,2029-07-31,182670.15
Menzies International (Aust) Pty Ltd,Building cleaning services,3634,2025-05-08,151606.16
Victorian YMCA Community Programming Pty Ltd,Management of Active Melbourne recreation facilities,3615,2028-12-02,38646.92
Showtime Event Group Pty Ltd,Melbourne Town Hall venue management,3670,2027-08-16,200000.0
SERCO,Open spaces management - region 2,3677,2026-06-27,38328.62
Citywide Service Solutions Pty Ltd,Tree management maintenance services,3678,2026-06-27,81454.47
Citywide Service Solutions Pty Ltd,Tree management maintenance services, ,2027-12-25,50853.91
Menzies International (Aust) Pty Ltd,Building cleaning services,3634,2027-10-21,88171.68
Reino International Pty Ltd T/A Duncan Solutions,Parking technology services,3623,2029-11-30,115331.58
Reino International Pty Ltd T/A Duncan Solutions,Parking technology services,3623,2028-04-25,8336.85
Citywide Service Solutions Pty Ltd,Civil infrastructure services,3665,2027-04-02,65577.07
Calcorp Services Pty Ltd,Graffiti management and pressure cleaning services,3668,2028-02-16,24288.87
Cleanaway Waste Management Limited,Waste management services,3556,2029-01-02,131271.74
Victorian YMCA Community Programming Pty Ltd,Management of Active Melbourne recreation facilities,3615,2028-08-30,216612.94
Cleanaway Waste Management Limited,Waste management services,3556,2025-09-10,120335.28
Victorian YMCA Community Programming Pty Ltd,Management of Active Melbourne recreation facilities,3615,2025-04-21,77515.77
Cleanaway Waste Management Limited,Waste management services,3556,2029-08-19,34310.89
Menzies International (Aust) Pty Ltd,Building cleaning services,3634,2027-06-23,143968.45
Cleanaway Waste Management Limited,Waste management services,3556,2025-02-18,100000.0
Cleanaway Waste Management Limited,Waste management services,3556,2029-10-18,200000.0
Calcorp Services Pty Ltd,Graffiti management and pressure cleaning services,3668,2029-10-25,53939.33
Cleanaway Waste Management Limited,Waste management services,3556,2025-12-18,90578.38
Calcorp Services Pty Ltd,Graffiti management and pressure cleaning services,3668,2026-07-01,200000.0
Reino International Pty Ltd T/A Duncan Solutions,Parking technology services,3623,2028-11-28,200000.0
Menzies International (Aust) Pty Ltd,Building cleaning services,3634,2026-01-12,79688.25
Citywide Service Solutions Pty Ltd,Tree management maintenance services,3678,2028-03-15,180330.91
Programmed Facility Management Pty Ltd,Building maintenance services,3630,2026-05-28,124775.81
SERCO,Open spaces management - region 2,3677,2028-05-19,248491.85
Menzies International (Aust) Pty Ltd,Building cleaning services,3634,2026-10-22,17534.58
Reino International Pty Ltd T/A Duncan Solutions,Parking technology services,3623,2029-03-31,100000.0
Citywide Service Solutions Pty Ltd,Civil infrastructure services, ,2025-03-14,243149.44
Victorian YMCA Community Programming Pty Ltd,Management of Active Melbourne recreation facilities,3615,2028-11-09,100000.0
National Protective Services Pty Ltd,Integrated security services,3686,2027-06-28,26307.15
Reino International Pty Ltd T/A Duncan Solutions,Parking technology services,3623,2025-05-30,18010.9
National Protective Services Pty Ltd,Integrated security services,3686,2027-07-01,85744.58
