Provider_Clean,ContractTitle_Clean,ContractNumber_Clean,Year,Month,MonthlySpend,ComplianceFlag
Calcorp Services Pty Ltd,Graffiti management and pressure cleaning services, ,2025.0,1.0,217878.34,ContractMismatch
Calcorp Services Pty Ltd,Graffiti management and pressure cleaning services, ,2028.0,12.0,151643.06,ContractMismatch
Calcorp Services Pty Ltd,Graffiti management and pressure cleaning services, ,2029.0,9.0,81665.22,ContractMismatch
Calcorp Services Pty Ltd,Graffiti management and pressure cleaning services,3668,2025.0,2.0,9650.47,UnderLower
Calcorp Services Pty Ltd,Graffiti management and pressure cleaning services,3668,2025.0,3.0,371234.94,UnderLower
Calcorp Services Pty Ltd,Graffiti management and pressure cleaning services,3668,2025.0,5.0,393083.62,UnderLower
Calcorp Services Pty Ltd,Graffiti management and pressure cleaning services,3668,2025.0,9.0,216507.68,UnderLower
Calcorp Services Pty Ltd,Graffiti management and pressure cleaning services,3668,2025.0,10.0,148016.96,UnderLower
Calcorp Services Pty Ltd,Graffiti management and pressure cleaning services,3668,2025.0,11.0,252682.94,UnderLower
Calcorp Services Pty Ltd,Graffiti management and pressure cleaning services,3668,2025.0,12.0,152800.78,UnderLower
Calcorp Services Pty Ltd,Graffiti management and pressure cleaning services,3668,2026.0,1.0,15713.54,UnderLower
Calcorp Services Pty Ltd,Graffiti management and pressure cleaning services,3668,2026.0,2.0,755934.7,OverUpper
Calcorp Services Pty Ltd,Graffiti management and pressure cleaning services,3668,2026.0,3.0,305063.33,UnderLower
Calcorp Services Pty Ltd,Graffiti management and pressure cleaning services,3668,2026.0,4.0,485144.81,OverUpper
Calcorp Services Pty Ltd,Graffiti management and pressure cleaning services,3668,2026.0,6.0,425443.81,OverUpper
Calcorp Services Pty Ltd,Graffiti management and pressure cleaning services,3668,2026.0,7.0,431957.91,OverUpper
Calcorp Services Pty Ltd,Graffiti management and pressure cleaning services,3668,2026.0,8.0,223912.41,UnderLower
Calcorp Services Pty Ltd,Graffiti management and pressure cleaning services,3668,2026.0,9.0,141878.02,UnderLower
Calcorp Services Pty Ltd,Graffiti management and pressure cleaning services,3668,2026.0,10.0,348037.01,UnderLower
Calcorp Services Pty Ltd,Graffiti management and pressure cleaning services,3668,2026.0,11.0,459762.78,OverUpper
Calcorp Services Pty Ltd,Graffiti management and pressure cleaning services,3668,2026.0,12.0,165558.5,UnderLower
Calcorp Services Pty Ltd,Graffiti management and pressure cleaning services,3668,2027.0,5.0,200000.0,UnderLower
Calcorp Services Pty Ltd,Graffiti management and pressure cleaning services,3668,2027.0,7.0,26199.02,UnderLower
Calcorp Services Pty Ltd,Graffiti management and pressure cleaning services,3668,2027.0,8.0,161788.12,UnderLower
Calcorp Services Pty Ltd,Graffiti management and pressure cleaning services,3668,2027.0,9.0,33675.31,UnderLower
Calcorp Services Pty Ltd,Graffiti management and pressure cleaning services,3668,2027.0,10.0,322900.17000000004,UnderLower
Calcorp Services Pty Ltd,Graffiti management and pressure cleaning services,3668,2027.0,11.0,390532.99,UnderLower
Calcorp Services Pty Ltd,Graffiti management and pressure cleaning services,3668,2028.0,2.0,434239.61,OverUpper
Calcorp Services Pty Ltd,Graffiti management and pressure cleaning services,3668,2028.0,3.0,218339.97,UnderLower
Calcorp Services Pty Ltd,Graffiti management and pressure cleaning services,3668,2028.0,5.0,117721.7,UnderLower
Calcorp Services Pty Ltd,Graffiti management and pressure cleaning services,3668,2028.0,6.0,293957.39,UnderLower
Calcorp Services Pty Ltd,Graffiti management and pressure cleaning services,3668,2028.0,7.0,444774.42,OverUpper
Calcorp Services Pty Ltd,Graffiti management and pressure cleaning services,3668,2028.0,9.0,150245.55,UnderLower
Calcorp Services Pty Ltd,Graffiti management and pressure cleaning services,3668,2028.0,10.0,118410.29,UnderLower
Calcorp Services Pty Ltd,Graffiti management and pressure cleaning services,3668,2028.0,11.0,57612.19,UnderLower
Calcorp Services Pty Ltd,Graffiti management and pressure cleaning services,3668,2028.0,12.0,4475.32,UnderLower
Calcorp Services Pty Ltd,Graffiti management and pressure cleaning services,3668,2029.0,2.0,163175.8,UnderLower
Calcorp Services Pty Ltd,Graffiti management and pressure cleaning services,3668,2029.0,4.0,120033.1,UnderLower
Calcorp Services Pty Ltd,Graffiti management and pressure cleaning services,3668,2029.0,5.0,108129.6,UnderLower
Calcorp Services Pty Ltd,Graffiti management and pressure cleaning services,3668,2029.0,9.0,246092.09,UnderLower
Calcorp Services Pty Ltd,Graffiti management and pressure cleaning services,3668,2029.0,10.0,53939.33,UnderLower
Calcorp Services Pty Ltd,Graffiti management and pressure cleaning services,3668,2029.0,11.0,319442.96,UnderLower
Calcorp Services Pty Ltd,Graffiti management and pressure cleaning services,3668,2029.0,12.0,161230.16,UnderLower
Citywide Service Solutions Pty Ltd,Civil infrastructure services, ,2025.0,3.0,243149.44,ContractMismatch
Citywide Service Solutions Pty Ltd,Civil infrastructure services, ,2026.0,4.0,200000.0,ContractMismatch
Citywide Service Solutions Pty Ltd,Civil infrastructure services, ,2026.0,10.0,200000.0,ContractMismatch
Citywide Service Solutions Pty Ltd,Civil infrastructure services, ,2026.0,12.0,85257.38,ContractMismatch
Citywide Service Solutions Pty Ltd,Civil infrastructure services, ,2027.0,1.0,47644.72,ContractMismatch
Citywide Service Solutions Pty Ltd,Civil infrastructure services, ,2027.0,5.0,157207.61,ContractMismatch
Citywide Service Solutions Pty Ltd,Civil infrastructure services,3665,2025.0,1.0,622388.94,WithinBounds
Citywide Service Solutions Pty Ltd,Civil infrastructure services,3665,2025.0,2.0,521389.76,WithinBounds
Citywide Service Solutions Pty Ltd,Civil infrastructure services,3665,2025.0,4.0,237522.43,UnderLower
Citywide Service Solutions Pty Ltd,Civil infrastructure services,3665,2025.0,5.0,246199.67,UnderLower
Citywide Service Solutions Pty Ltd,Civil infrastructure services,3665,2025.0,7.0,246936.66,UnderLower
Citywide Service Solutions Pty Ltd,Civil infrastructure services,3665,2025.0,8.0,438439.01,WithinBounds
Citywide Service Solutions Pty Ltd,Civil infrastructure services,3665,2025.0,11.0,387630.39,UnderLower
Citywide Service Solutions Pty Ltd,Civil infrastructure services,3665,2026.0,3.0,245429.28,UnderLower
Citywide Service Solutions Pty Ltd,Civil infrastructure services,3665,2026.0,4.0,241791.87,UnderLower
Citywide Service Solutions Pty Ltd,Civil infrastructure services,3665,2026.0,6.0,438135.71,WithinBounds
Citywide Service Solutions Pty Ltd,Civil infrastructure services,3665,2026.0,8.0,391812.33,UnderLower
Citywide Service Solutions Pty Ltd,Civil infrastructure services,3665,2026.0,9.0,65376.42,UnderLower
Citywide Service Solutions Pty Ltd,Civil infrastructure services,3665,2026.0,11.0,215163.1,UnderLower
Citywide Service Solutions Pty Ltd,Civil infrastructure services,3665,2026.0,12.0,136145.23,UnderLower
Citywide Service Solutions Pty Ltd,Civil infrastructure services,3665,2027.0,1.0,194409.3,UnderLower
Citywide Service Solutions Pty Ltd,Civil infrastructure services,3665,2027.0,2.0,126440.95,UnderLower
Citywide Service Solutions Pty Ltd,Civil infrastructure services,3665,2027.0,3.0,231735.29,UnderLower
Citywide Service Solutions Pty Ltd,Civil infrastructure services,3665,2027.0,4.0,65577.07,UnderLower
Citywide Service Solutions Pty Ltd,Civil infrastructure services,3665,2027.0,5.0,97422.68,UnderLower
Citywide Service Solutions Pty Ltd,Civil infrastructure services,3665,2027.0,6.0,249415.98,UnderLower
Citywide Service Solutions Pty Ltd,Civil infrastructure services,3665,2027.0,7.0,273752.72,UnderLower
Citywide Service Solutions Pty Ltd,Civil infrastructure services,3665,2027.0,8.0,159854.41,UnderLower
Citywide Service Solutions Pty Ltd,Civil infrastructure services,3665,2027.0,10.0,300000.0,UnderLower
Citywide Service Solutions Pty Ltd,Civil infrastructure services,3665,2027.0,12.0,96887.11,UnderLower
Citywide Service Solutions Pty Ltd,Civil infrastructure services,3665,2028.0,1.0,337319.12,UnderLower
Citywide Service Solutions Pty Ltd,Civil infrastructure services,3665,2028.0,2.0,20248.44,UnderLower
Citywide Service Solutions Pty Ltd,Civil infrastructure services,3665,2028.0,4.0,100000.0,UnderLower
Citywide Service Solutions Pty Ltd,Civil infrastructure services,3665,2028.0,5.0,31868.18,UnderLower
Citywide Service Solutions Pty Ltd,Civil infrastructure services,3665,2028.0,6.0,218877.36,UnderLower
Citywide Service Solutions Pty Ltd,Civil infrastructure services,3665,2028.0,7.0,200000.0,UnderLower
Citywide Service Solutions Pty Ltd,Civil infrastructure services,3665,2028.0,9.0,208604.26,UnderLower
Citywide Service Solutions Pty Ltd,Civil infrastructure services,3665,2028.0,10.0,160337.11,UnderLower
Citywide Service Solutions Pty Ltd,Civil infrastructure services,3665,2028.0,11.0,362761.33,UnderLower
Citywide Service Solutions Pty Ltd,Civil infrastructure services,3665,2028.0,12.0,150010.79,UnderLower
Citywide Service Solutions Pty Ltd,Civil infrastructure services,3665,2029.0,1.0,200000.0,UnderLower
Citywide Service Solutions Pty Ltd,Civil infrastructure services,3665,2029.0,4.0,200000.0,UnderLower
Citywide Service Solutions Pty Ltd,Civil infrastructure services,3665,2029.0,5.0,15371.6,UnderLower
Citywide Service Solutions Pty Ltd,Civil infrastructure services,3665,2029.0,6.0,226294.6,UnderLower
Citywide Service Solutions Pty Ltd,Civil infrastructure services,3665,2029.0,7.0,598069.2,WithinBounds
Citywide Service Solutions Pty Ltd,Civil infrastructure services,3665,2029.0,8.0,65281.23,UnderLower
Citywide Service Solutions Pty Ltd,Civil infrastructure services,3665,2029.0,9.0,201909.97,UnderLower
Citywide Service Solutions Pty Ltd,Civil infrastructure services,3665,2029.0,10.0,116926.62,UnderLower
Citywide Service Solutions Pty Ltd,Graffiti management and pressure cleaning services, ,2026.0,11.0,96794.04,ContractMismatch
Citywide Service Solutions Pty Ltd,Open spaces management - region 1, ,2028.0,1.0,181456.81,ContractMismatch
Citywide Service Solutions Pty Ltd,Open spaces management - region 1, ,2029.0,1.0,183018.55,ContractMismatch
Citywide Service Solutions Pty Ltd,Open spaces management - region 1,3676,2025.0,1.0,217830.75,UnderLower
Citywide Service Solutions Pty Ltd,Open spaces management - region 1,3676,2025.0,3.0,193391.43,UnderLower
Citywide Service Solutions Pty Ltd,Open spaces management - region 1,3676,2025.0,5.0,217115.05,UnderLower
Citywide Service Solutions Pty Ltd,Open spaces management - region 1,3676,2025.0,6.0,155454.93,UnderLower
Citywide Service Solutions Pty Ltd,Open spaces management - region 1,3676,2025.0,9.0,362130.38,UnderLower
Citywide Service Solutions Pty Ltd,Open spaces management - region 1,3676,2025.0,10.0,219359.91,UnderLower
Citywide Service Solutions Pty Ltd,Open spaces management - region 1,3676,2026.0,2.0,359313.23,UnderLower
Citywide Service Solutions Pty Ltd,Open spaces management - region 1,3676,2026.0,3.0,734091.4400000001,WithinBounds
Citywide Service Solutions Pty Ltd,Open spaces management - region 1,3676,2026.0,4.0,256670.56,UnderLower
Citywide Service Solutions Pty Ltd,Open spaces management - region 1,3676,2026.0,5.0,32357.23,UnderLower
Citywide Service Solutions Pty Ltd,Open spaces management - region 1,3676,2026.0,7.0,337441.12,UnderLower
Citywide Service Solutions Pty Ltd,Open spaces management - region 1,3676,2026.0,9.0,167819.85,UnderLower
Citywide Service Solutions Pty Ltd,Open spaces management - region 1,3676,2026.0,10.0,102040.44,UnderLower
Citywide Service Solutions Pty Ltd,Open spaces management - region 1,3676,2027.0,2.0,170037.3,UnderLower
Citywide Service Solutions Pty Ltd,Open spaces management - region 1,3676,2027.0,4.0,11874.07,UnderLower
Citywide Service Solutions Pty Ltd,Open spaces management - region 1,3676,2027.0,5.0,293113.01,UnderLower
Citywide Service Solutions Pty Ltd,Open spaces management - region 1,3676,2027.0,6.0,355650.04000000004,UnderLower
Citywide Service Solutions Pty Ltd,Open spaces management - region 1,3676,2027.0,9.0,203141.51,UnderLower
Citywide Service Solutions Pty Ltd,Open spaces management - region 1,3676,2028.0,2.0,149786.13,UnderLower
Citywide Service Solutions Pty Ltd,Open spaces management - region 1,3676,2028.0,3.0,84425.38,UnderLower
Citywide Service Solutions Pty Ltd,Open spaces management - region 1,3676,2028.0,4.0,100819.4,UnderLower
Citywide Service Solutions Pty Ltd,Open spaces management - region 1,3676,2028.0,5.0,404340.74,UnderLower
Citywide Service Solutions Pty Ltd,Open spaces management - region 1,3676,2028.0,7.0,251350.51,UnderLower
Citywide Service Solutions Pty Ltd,Open spaces management - region 1,3676,2028.0,8.0,130450.88,UnderLower
Citywide Service Solutions Pty Ltd,Open spaces management - region 1,3676,2028.0,10.0,392678.34,UnderLower
Citywide Service Solutions Pty Ltd,Open spaces management - region 1,3676,2028.0,11.0,107013.42,UnderLower
Citywide Service Solutions Pty Ltd,Open spaces management - region 1,3676,2029.0,1.0,202006.29,UnderLower
Citywide Service Solutions Pty Ltd,Open spaces management - region 1,3676,2029.0,2.0,120224.5,UnderLower
Citywide Service Solutions Pty Ltd,Open spaces management - region 1,3676,2029.0,3.0,438603.46,WithinBounds
Citywide Service Solutions Pty Ltd,Open spaces management - region 1,3676,2029.0,5.0,239905.61,UnderLower
Citywide Service Solutions Pty Ltd,Open spaces management - region 1,3676,2029.0,6.0,87474.51,UnderLower
Citywide Service Solutions Pty Ltd,Open spaces management - region 1,3676,2029.0,8.0,320141.66000000003,UnderLower
Citywide Service Solutions Pty Ltd,Open spaces management - region 1,3676,2029.0,9.0,10236.01,UnderLower
Citywide Service Solutions Pty Ltd,Open spaces management - region 1,3676,2029.0,10.0,43498.86,UnderLower
Citywide Service Solutions Pty Ltd,Open spaces management - region 1,3676,2029.0,11.0,453562.52,WithinBounds
Citywide Service Solutions Pty Ltd,Open spaces management - region 1,3676,2029.0,12.0,22544.85,UnderLower
Citywide Service Solutions Pty Ltd,Tree management maintenance services, ,2025.0,2.0,200000.0,ContractMismatch
Citywide Service Solutions Pty Ltd,Tree management maintenance services, ,2027.0,4.0,12262.93,ContractMismatch
Citywide Service Solutions Pty Ltd,Tree management maintenance services, ,2027.0,12.0,50853.91,ContractMismatch
Citywide Service Solutions Pty Ltd,Tree management maintenance services, ,2028.0,8.0,13450.2,ContractMismatch
Citywide Service Solutions Pty Ltd,Tree management maintenance services, ,2028.0,10.0,132345.0,ContractMismatch
Citywide Service Solutions Pty Ltd,Tree management maintenance services,3665,2028.0,2.0,129482.46,ContractMismatch
Citywide Service Solutions Pty Ltd,Tree management maintenance services,3678,2025.0,2.0,89133.69,UnderLower
Citywide Service Solutions Pty Ltd,Tree management maintenance services,3678,2025.0,4.0,0.0,UnderLower
Citywide Service Solutions Pty Ltd,Tree management maintenance services,3678,2025.0,6.0,227415.17,WithinBounds
Citywide Service Solutions Pty Ltd,Tree management maintenance services,3678,2025.0,7.0,58604.61,UnderLower
Citywide Service Solutions Pty Ltd,Tree management maintenance services,3678,2025.0,9.0,426148.41,OverUpper
Citywide Service Solutions Pty Ltd,Tree management maintenance services,3678,2025.0,12.0,128071.46,UnderLower
Citywide Service Solutions Pty Ltd,Tree management maintenance services,3678,2026.0,1.0,249090.51,WithinBounds
Citywide Service Solutions Pty Ltd,Tree management maintenance services,3678,2026.0,2.0,0.0,UnderLower
Citywide Service Solutions Pty Ltd,Tree management maintenance services,3678,2026.0,4.0,76160.07,UnderLower
Citywide Service Solutions Pty Ltd,Tree management maintenance services,3678,2026.0,6.0,193969.4,WithinBounds
Citywide Service Solutions Pty Ltd,Tree management maintenance services,3678,2026.0,7.0,200327.49,WithinBounds
Citywide Service Solutions Pty Ltd,Tree management maintenance services,3678,2026.0,9.0,150914.14,UnderLower
Citywide Service Solutions Pty Ltd,Tree management maintenance services,3678,2026.0,10.0,15772.18,UnderLower
Citywide Service Solutions Pty Ltd,Tree management maintenance services,3678,2026.0,11.0,137124.03,UnderLower
Citywide Service Solutions Pty Ltd,Tree management maintenance services,3678,2026.0,12.0,233663.97,WithinBounds
Citywide Service Solutions Pty Ltd,Tree management maintenance services,3678,2027.0,1.0,82381.68,UnderLower
Citywide Service Solutions Pty Ltd,Tree management maintenance services,3678,2027.0,2.0,453001.61,OverUpper
Citywide Service Solutions Pty Ltd,Tree management maintenance services,3678,2027.0,3.0,161848.74,UnderLower
Citywide Service Solutions Pty Ltd,Tree management maintenance services,3678,2027.0,4.0,186149.42,WithinBounds
Citywide Service Solutions Pty Ltd,Tree management maintenance services,3678,2027.0,6.0,334428.57,WithinBounds
Citywide Service Solutions Pty Ltd,Tree management maintenance services,3678,2027.0,7.0,352278.24,WithinBounds
Citywide Service Solutions Pty Ltd,Tree management maintenance services,3678,2027.0,8.0,280133.59,WithinBounds
Citywide Service Solutions Pty Ltd,Tree management maintenance services,3678,2027.0,10.0,15836.62,UnderLower
Citywide Service Solutions Pty Ltd,Tree management maintenance services,3678,2027.0,12.0,134851.21,UnderLower
Citywide Service Solutions Pty Ltd,Tree management maintenance services,3678,2028.0,2.0,100000.0,UnderLower
Citywide Service Solutions Pty Ltd,Tree management maintenance services,3678,2028.0,3.0,391679.41,WithinBounds
Citywide Service Solutions Pty Ltd,Tree management maintenance services,3678,2028.0,4.0,334621.22,WithinBounds
Citywide Service Solutions Pty Ltd,Tree management maintenance services,3678,2028.0,6.0,332040.59,WithinBounds
Citywide Service Solutions Pty Ltd,Tree management maintenance services,3678,2028.0,7.0,3077.9,UnderLower
Citywide Service Solutions Pty Ltd,Tree management maintenance services,3678,2028.0,8.0,100000.0,UnderLower
Citywide Service Solutions Pty Ltd,Tree management maintenance services,3678,2028.0,9.0,449393.6,OverUpper
Citywide Service Solutions Pty Ltd,Tree management maintenance services,3678,2028.0,12.0,175862.57,WithinBounds
Citywide Service Solutions Pty Ltd,Tree management maintenance services,3678,2029.0,2.0,448581.91,OverUpper
Citywide Service Solutions Pty Ltd,Tree management maintenance services,3678,2029.0,5.0,163273.82,UnderLower
Citywide Service Solutions Pty Ltd,Tree management maintenance services,3678,2029.0,8.0,31499.69,UnderLower
Citywide Service Solutions Pty Ltd,Tree management maintenance services,3678,2029.0,9.0,205044.82,WithinBounds
Citywide Service Solutions Pty Ltd,Tree management maintenance services,3678,2029.0,10.0,773.76,UnderLower
Citywide Service Solutions Pty Ltd,Tree management maintenance services,3678,2029.0,11.0,255089.03,WithinBounds
Cleanaway Waste Management Limited,Waste management services, ,2028.0,4.0,100000.0,ContractMismatch
Cleanaway Waste Management Limited,Waste management services, ,2029.0,10.0,36868.5,ContractMismatch
Cleanaway Waste Management Limited,Waste management services,3556,2025.0,1.0,121689.08,UnderLower
Cleanaway Waste Management Limited,Waste management services,3556,2025.0,2.0,723785.72,UnderLower
Cleanaway Waste Management Limited,Waste management services,3556,2025.0,3.0,117176.76,UnderLower
Cleanaway Waste Management Limited,Waste management services,3556,2025.0,4.0,118323.33,UnderLower
Cleanaway Waste Management Limited,Waste management services,3556,2025.0,6.0,175178.78,UnderLower
Cleanaway Waste Management Limited,Waste management services,3556,2025.0,7.0,400000.0,UnderLower
Cleanaway Waste Management Limited,Waste management services,3556,2025.0,8.0,126180.09,UnderLower
Cleanaway Waste Management Limited,Waste management services,3556,2025.0,9.0,420546.94,UnderLower
Cleanaway Waste Management Limited,Waste management services,3556,2025.0,11.0,202617.08,UnderLower
Cleanaway Waste Management Limited,Waste management services,3556,2025.0,12.0,90578.38,UnderLower
Cleanaway Waste Management Limited,Waste management services,3556,2026.0,1.0,394815.94,UnderLower
Cleanaway Waste Management Limited,Waste management services,3556,2026.0,2.0,229861.95,UnderLower
Cleanaway Waste Management Limited,Waste management services,3556,2026.0,3.0,0.0,UnderLower
Cleanaway Waste Management Limited,Waste management services,3556,2026.0,5.0,15904.47,UnderLower
Cleanaway Waste Management Limited,Waste management services,3556,2026.0,9.0,100000.0,UnderLower
Cleanaway Waste Management Limited,Waste management services,3556,2026.0,10.0,10482.46,UnderLower
Cleanaway Waste Management Limited,Waste management services,3556,2026.0,11.0,149239.34,UnderLower
Cleanaway Waste Management Limited,Waste management services,3556,2026.0,12.0,226954.22,UnderLower
Cleanaway Waste Management Limited,Waste management services,3556,2027.0,1.0,392003.76,UnderLower
Cleanaway Waste Management Limited,Waste management services,3556,2027.0,2.0,135054.27,UnderLower
Cleanaway Waste Management Limited,Waste management services,3556,2027.0,3.0,133490.6,UnderLower
Cleanaway Waste Management Limited,Waste management services,3556,2027.0,4.0,435452.44,UnderLower
Cleanaway Waste Management Limited,Waste management services,3556,2027.0,5.0,177518.36,UnderLower
Cleanaway Waste Management Limited,Waste management services,3556,2027.0,6.0,76368.71,UnderLower
Cleanaway Waste Management Limited,Waste management services,3556,2027.0,7.0,176301.68,UnderLower
Cleanaway Waste Management Limited,Waste management services,3556,2027.0,10.0,169511.49,UnderLower
Cleanaway Waste Management Limited,Waste management services,3556,2027.0,11.0,310844.19999999995,UnderLower
Cleanaway Waste Management Limited,Waste management services,3556,2028.0,3.0,300000.0,UnderLower
Cleanaway Waste Management Limited,Waste management services,3556,2028.0,5.0,115249.04,UnderLower
Cleanaway Waste Management Limited,Waste management services,3556,2028.0,6.0,331673.72,UnderLower
Cleanaway Waste Management Limited,Waste management services,3556,2028.0,8.0,237851.1,UnderLower
Cleanaway Waste Management Limited,Waste management services,3556,2028.0,10.0,100000.0,UnderLower
Cleanaway Waste Management Limited,Waste management services,3556,2028.0,12.0,0.0,UnderLower
Cleanaway Waste Management Limited,Waste management services,3556,2029.0,1.0,326458.14,UnderLower
Cleanaway Waste Management Limited,Waste management services,3556,2029.0,2.0,100000.0,UnderLower
Cleanaway Waste Management Limited,Waste management services,3556,2029.0,4.0,81710.03,UnderLower
Cleanaway Waste Management Limited,Waste management services,3556,2029.0,5.0,357169.9,UnderLower
Cleanaway Waste Management Limited,Waste management services,3556,2029.0,6.0,0.0,UnderLower
Cleanaway Waste Management Limited,Waste management services,3556,2029.0,7.0,200000.0,UnderLower
Cleanaway Waste Management Limited,Waste management services,3556,2029.0,8.0,125920.6,UnderLower
Cleanaway Waste Management Limited,Waste management services,3556,2029.0,9.0,107827.5,UnderLower
Cleanaway Waste Management Limited,Waste management services,3556,2029.0,10.0,200000.0,UnderLower
Menzies International (Aust) Pty Ltd,Building cleaning services, ,2026.0,7.0,26208.99,ContractMismatch
Menzies International (Aust) Pty Ltd,Building cleaning services, ,2026.0,12.0,200000.0,ContractMismatch
Menzies International (Aust) Pty Ltd,Building cleaning services, ,2027.0,7.0,200000.0,ContractMismatch
Menzies International (Aust) Pty Ltd,Building cleaning services, ,2027.0,10.0,208084.0,ContractMismatch
Menzies International (Aust) Pty Ltd,Building cleaning services, ,2029.0,4.0,193051.21,ContractMismatch
Menzies International (Aust) Pty Ltd,Building cleaning services, ,2029.0,5.0,168865.34,ContractMismatch
Menzies International (Aust) Pty Ltd,Building cleaning services,3634,2025.0,1.0,483812.38,OverUpper
Menzies International (Aust) Pty Ltd,Building cleaning services,3634,2025.0,2.0,244080.55,WithinBounds
Menzies International (Aust) Pty Ltd,Building cleaning services,3634,2025.0,3.0,208709.43,WithinBounds
Menzies International (Aust) Pty Ltd,Building cleaning services,3634,2025.0,5.0,151606.16,UnderLower
Menzies International (Aust) Pty Ltd,Building cleaning services,3634,2025.0,8.0,308049.43,WithinBounds
Menzies International (Aust) Pty Ltd,Building cleaning services,3634,2025.0,9.0,535575.8,OverUpper
Menzies International (Aust) Pty Ltd,Building cleaning services,3634,2025.0,10.0,200000.0,WithinBounds
Menzies International (Aust) Pty Ltd,Building cleaning services,3634,2025.0,12.0,348336.52,WithinBounds
Menzies International (Aust) Pty Ltd,Building cleaning services,3634,2026.0,1.0,117286.62,UnderLower
Menzies International (Aust) Pty Ltd,Building cleaning services,3634,2026.0,2.0,100000.0,UnderLower
Menzies International (Aust) Pty Ltd,Building cleaning services,3634,2026.0,4.0,218726.05,WithinBounds
Menzies International (Aust) Pty Ltd,Building cleaning services,3634,2026.0,8.0,427191.95,OverUpper
Menzies International (Aust) Pty Ltd,Building cleaning services,3634,2026.0,10.0,17534.58,UnderLower
Menzies International (Aust) Pty Ltd,Building cleaning services,3634,2026.0,11.0,200000.0,WithinBounds
Menzies International (Aust) Pty Ltd,Building cleaning services,3634,2026.0,12.0,309540.25,WithinBounds
Menzies International (Aust) Pty Ltd,Building cleaning services,3634,2027.0,1.0,10401.81,UnderLower
Menzies International (Aust) Pty Ltd,Building cleaning services,3634,2027.0,2.0,325486.2,WithinBounds
Menzies International (Aust) Pty Ltd,Building cleaning services,3634,2027.0,3.0,400000.0,WithinBounds
Menzies International (Aust) Pty Ltd,Building cleaning services,3634,2027.0,6.0,469674.47,OverUpper
Menzies International (Aust) Pty Ltd,Building cleaning services,3634,2027.0,8.0,100000.0,UnderLower
Menzies International (Aust) Pty Ltd,Building cleaning services,3634,2027.0,9.0,132662.49,UnderLower
Menzies International (Aust) Pty Ltd,Building cleaning services,3634,2027.0,10.0,88171.68,UnderLower
Menzies International (Aust) Pty Ltd,Building cleaning services,3634,2027.0,11.0,41285.28,UnderLower
Menzies International (Aust) Pty Ltd,Building cleaning services,3634,2028.0,1.0,481517.58,OverUpper
Menzies International (Aust) Pty Ltd,Building cleaning services,3634,2028.0,2.0,200000.0,WithinBounds
Menzies International (Aust) Pty Ltd,Building cleaning services,3634,2028.0,3.0,12316.97,UnderLower
Menzies International (Aust) Pty Ltd,Building cleaning services,3634,2028.0,4.0,214264.72,WithinBounds
Menzies International (Aust) Pty Ltd,Building cleaning services,3634,2028.0,6.0,181096.43,WithinBounds
Menzies International (Aust) Pty Ltd,Building cleaning services,3634,2028.0,7.0,252327.62,WithinBounds
Menzies International (Aust) Pty Ltd,Building cleaning services,3634,2028.0,8.0,263794.69,WithinBounds
Menzies International (Aust) Pty Ltd,Building cleaning services,3634,2028.0,11.0,181245.26,WithinBounds
Menzies International (Aust) Pty Ltd,Building cleaning services,3634,2029.0,3.0,157118.91,UnderLower
Menzies International (Aust) Pty Ltd,Building cleaning services,3634,2029.0,6.0,36418.99,UnderLower
Menzies International (Aust) Pty Ltd,Building cleaning services,3634,2029.0,7.0,200163.5,WithinBounds
Menzies International (Aust) Pty Ltd,Building cleaning services,3634,2029.0,8.0,71736.27,UnderLower
Menzies International (Aust) Pty Ltd,Building cleaning services,3634,2029.0,9.0,399016.43,WithinBounds
Menzies International (Aust) Pty Ltd,Building cleaning services,3634,2029.0,12.0,10956.33,UnderLower
National Protective Services Pty Ltd,Integrated security services, ,2028.0,1.0,116142.31,ContractMismatch
National Protective Services Pty Ltd,Integrated security services, ,2029.0,5.0,44485.69,ContractMismatch
National Protective Services Pty Ltd,Integrated security services,3686,2025.0,1.0,426091.77,OverUpper
National Protective Services Pty Ltd,Integrated security services,3686,2025.0,2.0,100000.0,UnderLower
National Protective Services Pty Ltd,Integrated security services,3686,2025.0,3.0,0.0,UnderLower
National Protective Services Pty Ltd,Integrated security services,3686,2025.0,6.0,229677.62,WithinBounds
National Protective Services Pty Ltd,Integrated security services,3686,2025.0,10.0,156499.22,UnderLower
National Protective Services Pty Ltd,Integrated security services,3686,2026.0,2.0,332195.82,WithinBounds
National Protective Services Pty Ltd,Integrated security services,3686,2026.0,3.0,384413.86,WithinBounds
National Protective Services Pty Ltd,Integrated security services,3686,2026.0,5.0,200000.0,WithinBounds
National Protective Services Pty Ltd,Integrated security services,3686,2026.0,8.0,219895.67,WithinBounds
National Protective Services Pty Ltd,Integrated security services,3686,2026.0,9.0,271904.93,WithinBounds
National Protective Services Pty Ltd,Integrated security services,3686,2026.0,10.0,238033.93,WithinBounds
National Protective Services Pty Ltd,Integrated security services,3686,2026.0,11.0,530708.79,OverUpper
National Protective Services Pty Ltd,Integrated security services,3686,2027.0,1.0,382567.66,WithinBounds
National Protective Services Pty Ltd,Integrated security services,3686,2027.0,2.0,275552.77,WithinBounds
National Protective Services Pty Ltd,Integrated security services,3686,2027.0,3.0,220026.42,WithinBounds
National Protective Services Pty Ltd,Integrated security services,3686,2027.0,5.0,154601.32,UnderLower
National Protective Services Pty Ltd,Integrated security services,3686,2027.0,6.0,342268.1,WithinBounds
National Protective Services Pty Ltd,Integrated security services,3686,2027.0,7.0,178256.58000000002,WithinBounds
National Protective Services Pty Ltd,Integrated security services,3686,2027.0,8.0,208486.72,WithinBounds
National Protective Services Pty Ltd,Integrated security services,3686,2027.0,9.0,294770.95,WithinBounds
National Protective Services Pty Ltd,Integrated security services,3686,2027.0,11.0,193115.77,WithinBounds
National Protective Services Pty Ltd,Integrated security services,3686,2027.0,12.0,228350.91,WithinBounds
National Protective Services Pty Ltd,Integrated security services,3686,2028.0,1.0,127864.74,UnderLower
National Protective Services Pty Ltd,Integrated security services,3686,2028.0,2.0,175760.95,WithinBounds
National Protective Services Pty Ltd,Integrated security services,3686,2028.0,3.0,187367.67,WithinBounds
National Protective Services Pty Ltd,Integrated security services,3686,2028.0,4.0,427767.44,OverUpper
National Protective Services Pty Ltd,Integrated security services,3686,2028.0,5.0,60250.94,UnderLower
National Protective Services Pty Ltd,Integrated security services,3686,2028.0,6.0,42706.78,UnderLower
National Protective Services Pty Ltd,Integrated security services,3686,2028.0,9.0,19606.36,UnderLower
National Protective Services Pty Ltd,Integrated security services,3686,2028.0,10.0,287929.5,WithinBounds
National Protective Services Pty Ltd,Integrated security services,3686,2028.0,11.0,227687.48,WithinBounds
National Protective Services Pty Ltd,Integrated security services,3686,2029.0,1.0,192207.28,WithinBounds
National Protective Services Pty Ltd,Integrated security services,3686,2029.0,3.0,227370.21,WithinBounds
National Protective Services Pty Ltd,Integrated security services,3686,2029.0,5.0,0.0,UnderLower
National Protective Services Pty Ltd,Integrated security services,3686,2029.0,7.0,334719.61,WithinBounds
National Protective Services Pty Ltd,Integrated security services,3686,2029.0,8.0,27711.21,UnderLower
National Protective Services Pty Ltd,Integrated security services,3686,2029.0,10.0,49204.42,UnderLower
National Protective Services Pty Ltd,Integrated security services,3686,2029.0,11.0,195654.5,WithinBounds
National Protective Services Pty Ltd,Melbourne Town Hall venue management, ,2029.0,11.0,137973.03,ContractMismatch
National Protective Services Pty Ltd,Open spaces management - region 2, ,2026.0,12.0,100000.0,ContractMismatch
Nationwide Towing Services,Vehicle tow away and impound services, ,2026.0,8.0,188921.82,ContractMismatch
Nationwide Towing Services,Vehicle tow away and impound services, ,2026.0,11.0,173186.91,ContractMismatch
Nationwide Towing Services,Vehicle tow away and impound services, ,2027.0,4.0,110445.14,ContractMismatch
Nationwide Towing Services,Vehicle tow away and impound services, ,2027.0,6.0,71454.42,ContractMismatch
Nationwide Towing Services,Vehicle tow away and impound services, ,2028.0,9.0,112807.68,ContractMismatch
Nationwide Towing Services,Vehicle tow away and impound services, ,2029.0,2.0,7206.87,ContractMismatch
Nationwide Towing Services,Vehicle tow away and impound services,3585,2025.0,1.0,0.0,UnderLower
Nationwide Towing Services,Vehicle tow away and impound services,3585,2025.0,2.0,294687.8,OverUpper
Nationwide Towing Services,Vehicle tow away and impound services,3585,2025.0,5.0,18110.0,UnderLower
Nationwide Towing Services,Vehicle tow away and impound services,3585,2025.0,7.0,146537.02,WithinBounds
Nationwide Towing Services,Vehicle tow away and impound services,3585,2025.0,8.0,0.0,UnderLower
Nationwide Towing Services,Vehicle tow away and impound services,3585,2025.0,9.0,305655.92,OverUpper
Nationwide Towing Services,Vehicle tow away and impound services,3585,2025.0,10.0,244522.65,OverUpper
Nationwide Towing Services,Vehicle tow away and impound services,3585,2025.0,11.0,176324.68,OverUpper
Nationwide Towing Services,Vehicle tow away and impound services,3585,2025.0,12.0,441173.53,OverUpper
Nationwide Towing Services,Vehicle tow away and impound services,3585,2026.0,1.0,119836.05,WithinBounds
Nationwide Towing Services,Vehicle tow away and impound services,3585,2026.0,2.0,167073.97,OverUpper
Nationwide Towing Services,Vehicle tow away and impound services,3585,2026.0,3.0,188101.91,OverUpper
Nationwide Towing Services,Vehicle tow away and impound services,3585,2026.0,4.0,434336.78,OverUpper
Nationwide Towing Services,Vehicle tow away and impound services,3585,2026.0,7.0,161708.61,WithinBounds
Nationwide Towing Services,Vehicle tow away and impound services,3585,2026.0,10.0,228659.01,OverUpper
Nationwide Towing Services,Vehicle tow away and impound services,3585,2026.0,11.0,156628.44,WithinBounds
Nationwide Towing Services,Vehicle tow away and impound services,3585,2026.0,12.0,46698.74,UnderLower
Nationwide Towing Services,Vehicle tow away and impound services,3585,2027.0,2.0,370769.91,OverUpper
Nationwide Towing Services,Vehicle tow away and impound services,3585,2027.0,3.0,474251.86,OverUpper
Nationwide Towing Services,Vehicle tow away and impound services,3585,2027.0,4.0,200000.0,OverUpper
Nationwide Towing Services,Vehicle tow away and impound services,3585,2027.0,5.0,60292.36,UnderLower
Nationwide Towing Services,Vehicle tow away and impound services,3585,2027.0,7.0,184225.68,OverUpper
Nationwide Towing Services,Vehicle tow away and impound services,3585,2027.0,9.0,36448.12,UnderLower
Nationwide Towing Services,Vehicle tow away and impound services,3585,2027.0,10.0,204885.52,OverUpper
Nationwide Towing Services,Vehicle tow away and impound services,3585,2027.0,11.0,5928.68,UnderLower
Nationwide Towing Services,Vehicle tow away and impound services,3585,2027.0,12.0,218336.13,OverUpper
Nationwide Towing Services,Vehicle tow away and impound services,3585,2028.0,1.0,324478.71,OverUpper
Nationwide Towing Services,Vehicle tow away and impound services,3585,2028.0,2.0,180431.06,OverUpper
Nationwide Towing Services,Vehicle tow away and impound services,3585,2028.0,3.0,432277.01,OverUpper
Nationwide Towing Services,Vehicle tow away and impound services,3585,2028.0,5.0,200000.0,OverUpper
Nationwide Towing Services,Vehicle tow away and impound services,3585,2028.0,6.0,148220.87,WithinBounds
Nationwide Towing Services,Vehicle tow away and impound services,3585,2028.0,7.0,308240.62,OverUpper
Nationwide Towing Services,Vehicle tow away and impound services,3585,2028.0,8.0,300000.0,OverUpper
Nationwide Towing Services,Vehicle tow away and impound services,3585,2028.0,9.0,200000.0,OverUpper
Nationwide Towing Services,Vehicle tow away and impound services,3585,2028.0,12.0,116464.51,WithinBounds
Nationwide Towing Services,Vehicle tow away and impound services,3585,2029.0,1.0,99494.02,WithinBounds
Nationwide Towing Services,Vehicle tow away and impound services,3585,2029.0,3.0,393098.27,OverUpper
Nationwide Towing Services,Vehicle tow away and impound services,3585,2029.0,5.0,289321.21,OverUpper
Nationwide Towing Services,Vehicle tow away and impound services,3585,2029.0,8.0,241019.25,OverUpper
Nationwide Towing Services,Vehicle tow away and impound services,3585,2029.0,10.0,75169.08,UnderLower
Nationwide Towing Services,Vehicle tow away and impound services,3585,2029.0,11.0,236768.5,OverUpper
Nationwide Towing Services,Vehicle tow away and impound services,3585,2029.0,12.0,58619.45,UnderLower
Programmed Facility Management Pty Ltd,Building maintenance services, ,2027.0,6.0,208340.6,ContractMismatch
Programmed Facility Management Pty Ltd,Building maintenance services,3630,2025.0,1.0,493304.75,OverUpper
Programmed Facility Management Pty Ltd,Building maintenance services,3630,2025.0,2.0,100000.0,UnderLower
Programmed Facility Management Pty Ltd,Building maintenance services,3630,2025.0,4.0,0.0,UnderLower
Programmed Facility Management Pty Ltd,Building maintenance services,3630,2025.0,5.0,44803.27,UnderLower
Programmed Facility Management Pty Ltd,Building maintenance services,3630,2025.0,7.0,329462.82,WithinBounds
Programmed Facility Management Pty Ltd,Building maintenance services,3630,2025.0,10.0,65446.17,UnderLower
Programmed Facility Management Pty Ltd,Building maintenance services,3630,2025.0,11.0,213778.17,WithinBounds
Programmed Facility Management Pty Ltd,Building maintenance services,3630,2025.0,12.0,584251.51,OverUpper
Programmed Facility Management Pty Ltd,Building maintenance services,3630,2026.0,1.0,89875.96,UnderLower
Programmed Facility Management Pty Ltd,Building maintenance services,3630,2026.0,2.0,0.0,UnderLower
Programmed Facility Management Pty Ltd,Building maintenance services,3630,2026.0,3.0,445847.18,OverUpper
Programmed Facility Management Pty Ltd,Building maintenance services,3630,2026.0,4.0,12950.63,UnderLower
Programmed Facility Management Pty Ltd,Building maintenance services,3630,2026.0,5.0,124775.81,UnderLower
Programmed Facility Management Pty Ltd,Building maintenance services,3630,2026.0,6.0,133876.30000000002,UnderLower
Programmed Facility Management Pty Ltd,Building maintenance services,3630,2026.0,7.0,175917.94,WithinBounds
Programmed Facility Management Pty Ltd,Building maintenance services,3630,2026.0,8.0,443132.22,OverUpper
Programmed Facility Management Pty Ltd,Building maintenance services,3630,2027.0,1.0,12462.42,UnderLower
Programmed Facility Management Pty Ltd,Building maintenance services,3630,2027.0,3.0,147371.4,UnderLower
Programmed Facility Management Pty Ltd,Building maintenance services,3630,2027.0,5.0,408882.55,WithinBounds
Programmed Facility Management Pty Ltd,Building maintenance services,3630,2027.0,6.0,175247.93,WithinBounds
Programmed Facility Management Pty Ltd,Building maintenance services,3630,2027.0,8.0,21071.49,UnderLower
Programmed Facility Management Pty Ltd,Building maintenance services,3630,2028.0,1.0,0.0,UnderLower
Programmed Facility Management Pty Ltd,Building maintenance services,3630,2028.0,2.0,40837.01,UnderLower
Programmed Facility Management Pty Ltd,Building maintenance services,3630,2028.0,3.0,218789.02,WithinBounds
Programmed Facility Management Pty Ltd,Building maintenance services,3630,2028.0,4.0,138111.11000000002,UnderLower
Programmed Facility Management Pty Ltd,Building maintenance services,3630,2028.0,5.0,100000.0,UnderLower
Programmed Facility Management Pty Ltd,Building maintenance services,3630,2028.0,6.0,39145.96,UnderLower
Programmed Facility Management Pty Ltd,Building maintenance services,3630,2028.0,7.0,542691.96,OverUpper
Programmed Facility Management Pty Ltd,Building maintenance services,3630,2028.0,9.0,56385.74,UnderLower
Programmed Facility Management Pty Ltd,Building maintenance services,3630,2028.0,10.0,29733.07,UnderLower
Programmed Facility Management Pty Ltd,Building maintenance services,3630,2028.0,11.0,100000.0,UnderLower
Programmed Facility Management Pty Ltd,Building maintenance services,3630,2029.0,2.0,236794.36,WithinBounds
Programmed Facility Management Pty Ltd,Building maintenance services,3630,2029.0,4.0,88980.51,UnderLower
Programmed Facility Management Pty Ltd,Building maintenance services,3630,2029.0,6.0,13916.63,UnderLower
Programmed Facility Management Pty Ltd,Building maintenance services,3630,2029.0,9.0,279070.84,WithinBounds
Programmed Facility Management Pty Ltd,Building maintenance services,3630,2029.0,10.0,200000.0,WithinBounds
Reino International Pty Ltd T/A Duncan Solutions,Parking technology services, ,2025.0,9.0,22351.19,ContractMismatch
Reino International Pty Ltd T/A Duncan Solutions,Parking technology services, ,2028.0,4.0,58798.72,ContractMismatch
Reino International Pty Ltd T/A Duncan Solutions,Parking technology services,3623,2025.0,2.0,270675.69,OverUpper
Reino International Pty Ltd T/A Duncan Solutions,Parking technology services,3623,2025.0,3.0,159970.77000000002,WithinBounds
Reino International Pty Ltd T/A Duncan Solutions,Parking technology services,3623,2025.0,4.0,193372.81,OverUpper
Reino International Pty Ltd T/A Duncan Solutions,Parking technology services,3623,2025.0,5.0,18010.9,UnderLower
Reino International Pty Ltd T/A Duncan Solutions,Parking technology services,3623,2025.0,7.0,200000.0,OverUpper
Reino International Pty Ltd T/A Duncan Solutions,Parking technology services,3623,2025.0,8.0,327039.32,OverUpper
Reino International Pty Ltd T/A Duncan Solutions,Parking technology services,3623,2025.0,9.0,340089.73,OverUpper
Reino International Pty Ltd T/A Duncan Solutions,Parking technology services,3623,2025.0,10.0,710383.2,OverUpper
Reino International Pty Ltd T/A Duncan Solutions,Parking technology services,3623,2025.0,11.0,504584.96,OverUpper
Reino International Pty Ltd T/A Duncan Solutions,Parking technology services,3623,2025.0,12.0,248546.92,OverUpper
Reino International Pty Ltd T/A Duncan Solutions,Parking technology services,3623,2026.0,2.0,24314.22,UnderLower
Reino International Pty Ltd T/A Duncan Solutions,Parking technology services,3623,2026.0,3.0,63938.01,UnderLower
Reino International Pty Ltd T/A Duncan Solutions,Parking technology services,3623,2026.0,4.0,350682.33,OverUpper
Reino International Pty Ltd T/A Duncan Solutions,Parking technology services,3623,2026.0,5.0,20027.45,UnderLower
Reino International Pty Ltd T/A Duncan Solutions,Parking technology services,3623,2026.0,7.0,308339.01,OverUpper
Reino International Pty Ltd T/A Duncan Solutions,Parking technology services,3623,2026.0,11.0,0.0,UnderLower
Reino International Pty Ltd T/A Duncan Solutions,Parking technology services,3623,2027.0,1.0,209386.71,OverUpper
Reino International Pty Ltd T/A Duncan Solutions,Parking technology services,3623,2027.0,2.0,196282.15,OverUpper
Reino International Pty Ltd T/A Duncan Solutions,Parking technology services,3623,2027.0,4.0,100000.0,WithinBounds
Reino International Pty Ltd T/A Duncan Solutions,Parking technology services,3623,2027.0,5.0,86005.89,WithinBounds
Reino International Pty Ltd T/A Duncan Solutions,Parking technology services,3623,2027.0,6.0,146125.19,WithinBounds
Reino International Pty Ltd T/A Duncan Solutions,Parking technology services,3623,2027.0,8.0,94220.19,WithinBounds
Reino International Pty Ltd T/A Duncan Solutions,Parking technology services,3623,2027.0,10.0,375134.26,OverUpper
Reino International Pty Ltd T/A Duncan Solutions,Parking technology services,3623,2027.0,12.0,27670.11,UnderLower
Reino International Pty Ltd T/A Duncan Solutions,Parking technology services,3623,2028.0,1.0,69421.46,UnderLower
Reino International Pty Ltd T/A Duncan Solutions,Parking technology services,3623,2028.0,2.0,187655.15,OverUpper
Reino International Pty Ltd T/A Duncan Solutions,Parking technology services,3623,2028.0,4.0,207002.82,OverUpper
Reino International Pty Ltd T/A Duncan Solutions,Parking technology services,3623,2028.0,6.0,134971.32,WithinBounds
Reino International Pty Ltd T/A Duncan Solutions,Parking technology services,3623,2028.0,8.0,173902.01,OverUpper
Reino International Pty Ltd T/A Duncan Solutions,Parking technology services,3623,2028.0,9.0,282129.33,OverUpper
Reino International Pty Ltd T/A Duncan Solutions,Parking technology services,3623,2028.0,10.0,250228.98,OverUpper
Reino International Pty Ltd T/A Duncan Solutions,Parking technology services,3623,2028.0,11.0,243993.55,OverUpper
Reino International Pty Ltd T/A Duncan Solutions,Parking technology services,3623,2028.0,12.0,220132.86,OverUpper
Reino International Pty Ltd T/A Duncan Solutions,Parking technology services,3623,2029.0,1.0,100000.0,WithinBounds
Reino International Pty Ltd T/A Duncan Solutions,Parking technology services,3623,2029.0,2.0,30036.79,UnderLower
Reino International Pty Ltd T/A Duncan Solutions,Parking technology services,3623,2029.0,3.0,100000.0,WithinBounds
Reino International Pty Ltd T/A Duncan Solutions,Parking technology services,3623,2029.0,4.0,273881.16000000003,OverUpper
Reino International Pty Ltd T/A Duncan Solutions,Parking technology services,3623,2029.0,5.0,508424.7,OverUpper
Reino International Pty Ltd T/A Duncan Solutions,Parking technology services,3623,2029.0,7.0,270868.24,OverUpper
Reino International Pty Ltd T/A Duncan Solutions,Parking technology services,3623,2029.0,8.0,473421.72,OverUpper
Reino International Pty Ltd T/A Duncan Solutions,Parking technology services,3623,2029.0,9.0,57584.89,UnderLower
Reino International Pty Ltd T/A Duncan Solutions,Parking technology services,3623,2029.0,10.0,105618.31,WithinBounds
Reino International Pty Ltd T/A Duncan Solutions,Parking technology services,3623,2029.0,11.0,213824.81,OverUpper
Reino International Pty Ltd T/A Duncan Solutions,Parking technology services,3623,2030.0,1.0,156434.58,WithinBounds
SERCO,Open spaces management - region 2, ,2025.0,4.0,48182.61,ContractMismatch
SERCO,Open spaces management - region 2, ,2025.0,12.0,125326.84,ContractMismatch
SERCO,Open spaces management - region 2, ,2028.0,5.0,139630.4,ContractMismatch
SERCO,Open spaces management - region 2, ,2028.0,12.0,7235.74,ContractMismatch
SERCO,Open spaces management - region 2,3677,2025.0,2.0,3189.58,UnderLower
SERCO,Open spaces management - region 2,3677,2025.0,3.0,370059.76,UnderLower
SERCO,Open spaces management - region 2,3677,2025.0,4.0,106868.57,UnderLower
SERCO,Open spaces management - region 2,3677,2025.0,5.0,115141.48,UnderLower
SERCO,Open spaces management - region 2,3677,2025.0,7.0,166792.29,UnderLower
SERCO,Open spaces management - region 2,3677,2025.0,9.0,161402.6,UnderLower
SERCO,Open spaces management - region 2,3677,2025.0,11.0,71624.03,UnderLower
SERCO,Open spaces management - region 2,3677,2025.0,12.0,236399.14,UnderLower
SERCO,Open spaces management - region 2,3677,2026.0,1.0,200000.0,UnderLower
SERCO,Open spaces management - region 2,3677,2026.0,2.0,129736.55,UnderLower
SERCO,Open spaces management - region 2,3677,2026.0,3.0,138096.25,UnderLower
SERCO,Open spaces management - region 2,3677,2026.0,4.0,517504.6,WithinBounds
SERCO,Open spaces management - region 2,3677,2026.0,5.0,0.0,UnderLower
SERCO,Open spaces management - region 2,3677,2026.0,6.0,419905.96,WithinBounds
SERCO,Open spaces management - region 2,3677,2026.0,7.0,338858.51,UnderLower
SERCO,Open spaces management - region 2,3677,2026.0,8.0,324420.76,UnderLower
SERCO,Open spaces management - region 2,3677,2026.0,9.0,100000.0,UnderLower
SERCO,Open spaces management - region 2,3677,2026.0,10.0,29024.62,UnderLower
SERCO,Open spaces management - region 2,3677,2026.0,11.0,0.0,UnderLower
SERCO,Open spaces management - region 2,3677,2027.0,2.0,197744.29,UnderLower
SERCO,Open spaces management - region 2,3677,2027.0,3.0,102775.84,UnderLower
SERCO,Open spaces management - region 2,3677,2027.0,4.0,118398.04,UnderLower
SERCO,Open spaces management - region 2,3677,2027.0,5.0,421741.3,WithinBounds
SERCO,Open spaces management - region 2,3677,2027.0,6.0,197286.86,UnderLower
SERCO,Open spaces management - region 2,3677,2027.0,7.0,545546.37,WithinBounds
SERCO,Open spaces management - region 2,3677,2027.0,8.0,100000.0,UnderLower
SERCO,Open spaces management - region 2,3677,2027.0,9.0,127258.31,UnderLower
SERCO,Open spaces management - region 2,3677,2027.0,10.0,30129.71,UnderLower
SERCO,Open spaces management - region 2,3677,2027.0,11.0,100000.0,UnderLower
SERCO,Open spaces management - region 2,3677,2027.0,12.0,177943.66,UnderLower
SERCO,Open spaces management - region 2,3677,2028.0,1.0,426291.67,WithinBounds
SERCO,Open spaces management - region 2,3677,2028.0,3.0,170638.15,UnderLower
SERCO,Open spaces management - region 2,3677,2028.0,4.0,7394.77,UnderLower
SERCO,Open spaces management - region 2,3677,2028.0,5.0,248491.85,UnderLower
SERCO,Open spaces management - region 2,3677,2028.0,6.0,232897.14,UnderLower
SERCO,Open spaces management - region 2,3677,2028.0,10.0,151179.52,UnderLower
SERCO,Open spaces management - region 2,3677,2028.0,11.0,62504.35,UnderLower
SERCO,Open spaces management - region 2,3677,2029.0,1.0,35466.64,UnderLower
SERCO,Open spaces management - region 2,3677,2029.0,2.0,111384.63,UnderLower
SERCO,Open spaces management - region 2,3677,2029.0,3.0,241401.62,UnderLower
SERCO,Open spaces management - region 2,3677,2029.0,5.0,36726.16,UnderLower
SERCO,Open spaces management - region 2,3677,2029.0,8.0,207698.72,UnderLower
SERCO,Open spaces management - region 2,3677,2029.0,9.0,297896.93,UnderLower
SERCO,Open spaces management - region 2,3677,2029.0,11.0,238235.33,UnderLower
SERCO,Open spaces management - region 2,3677,2029.0,12.0,286978.4,UnderLower
Showtime Event Group Pty Ltd,Melbourne Town Hall venue management, ,2027.0,7.0,103986.79,ContractMismatch
Showtime Event Group Pty Ltd,Melbourne Town Hall venue management,3670,2025.0,1.0,136677.07,WithinBounds
Showtime Event Group Pty Ltd,Melbourne Town Hall venue management,3670,2025.0,2.0,280782.18,OverUpper
Showtime Event Group Pty Ltd,Melbourne Town Hall venue management,3670,2025.0,3.0,48128.23,UnderLower
Showtime Event Group Pty Ltd,Melbourne Town Hall venue management,3670,2025.0,4.0,291359.42,OverUpper
Showtime Event Group Pty Ltd,Melbourne Town Hall venue management,3670,2025.0,6.0,203203.43,OverUpper
Showtime Event Group Pty Ltd,Melbourne Town Hall venue management,3670,2025.0,7.0,354187.6,OverUpper
Showtime Event Group Pty Ltd,Melbourne Town Hall venue management,3670,2025.0,9.0,236320.15,OverUpper
Showtime Event Group Pty Ltd,Melbourne Town Hall venue management,3670,2025.0,12.0,186091.79,OverUpper
Showtime Event Group Pty Ltd,Melbourne Town Hall venue management,3670,2026.0,1.0,285687.28,OverUpper
Showtime Event Group Pty Ltd,Melbourne Town Hall venue management,3670,2026.0,3.0,312010.52,OverUpper
Showtime Event Group Pty Ltd,Melbourne Town Hall venue management,3670,2026.0,8.0,413055.95,OverUpper
Showtime Event Group Pty Ltd,Melbourne Town Hall venue management,3670,2026.0,9.0,58861.59,UnderLower
Showtime Event Group Pty Ltd,Melbourne Town Hall venue management,3670,2026.0,10.0,7628.26,UnderLower
Showtime Event Group Pty Ltd,Melbourne Town Hall venue management,3670,2026.0,12.0,89924.0,WithinBounds
Showtime Event Group Pty Ltd,Melbourne Town Hall venue management,3670,2027.0,1.0,200000.0,OverUpper
Showtime Event Group Pty Ltd,Melbourne Town Hall venue management,3670,2027.0,2.0,28991.37,UnderLower
Showtime Event Group Pty Ltd,Melbourne Town Hall venue management,3670,2027.0,4.0,351527.46,OverUpper
Showtime Event Group Pty Ltd,Melbourne Town Hall venue management,3670,2027.0,5.0,45289.22,UnderLower
Showtime Event Group Pty Ltd,Melbourne Town Hall venue management,3670,2027.0,6.0,168506.85,OverUpper
Showtime Event Group Pty Ltd,Melbourne Town Hall venue management,3670,2027.0,7.0,190441.06000000003,OverUpper
Showtime Event Group Pty Ltd,Melbourne Town Hall venue management,3670,2027.0,8.0,641544.0700000001,OverUpper
Showtime Event Group Pty Ltd,Melbourne Town Hall venue management,3670,2027.0,9.0,97398.37,WithinBounds
Showtime Event Group Pty Ltd,Melbourne Town Hall venue management,3670,2027.0,10.0,1551.26,UnderLower
Showtime Event Group Pty Ltd,Melbourne Town Hall venue management,3670,2027.0,11.0,0.0,UnderLower
Showtime Event Group Pty Ltd,Melbourne Town Hall venue management,3670,2027.0,12.0,331.26,UnderLower
Showtime Event Group Pty Ltd,Melbourne Town Hall venue management,3670,2028.0,1.0,186450.51,OverUpper
Showtime Event Group Pty Ltd,Melbourne Town Hall venue management,3670,2028.0,2.0,97287.23,WithinBounds
Showtime Event Group Pty Ltd,Melbourne Town Hall venue management,3670,2028.0,3.0,351231.96,OverUpper
Showtime Event Group Pty Ltd,Melbourne Town Hall venue management,3670,2028.0,7.0,102535.26,WithinBounds
Showtime Event Group Pty Ltd,Melbourne Town Hall venue management,3670,2028.0,9.0,298680.66000000003,OverUpper
Showtime Event Group Pty Ltd,Melbourne Town Hall venue management,3670,2028.0,10.0,469920.48,OverUpper
Showtime Event Group Pty Ltd,Melbourne Town Hall venue management,3670,2028.0,11.0,100071.32,WithinBounds
Showtime Event Group Pty Ltd,Melbourne Town Hall venue management,3670,2028.0,12.0,233815.98,OverUpper
Showtime Event Group Pty Ltd,Melbourne Town Hall venue management,3670,2029.0,1.0,268564.86,OverUpper
Showtime Event Group Pty Ltd,Melbourne Town Hall venue management,3670,2029.0,4.0,370960.22,OverUpper
Showtime Event Group Pty Ltd,Melbourne Town Hall venue management,3670,2029.0,7.0,182670.15,OverUpper
Showtime Event Group Pty Ltd,Melbourne Town Hall venue management,3670,2029.0,8.0,317260.19999999995,OverUpper
Showtime Event Group Pty Ltd,Melbourne Town Hall venue management,3670,2029.0,9.0,236064.0,OverUpper
Showtime Event Group Pty Ltd,Melbourne Town Hall venue management,3670,2029.0,10.0,100000.0,WithinBounds
Showtime Event Group Pty Ltd,Melbourne Town Hall venue management,3670,2029.0,11.0,223371.96,OverUpper
Showtime Event Group Pty Ltd,Melbourne Town Hall venue management,3670,2029.0,12.0,64369.73,UnderLower
Spotless Facility Services Pty Ltd,Street cleaning, ,2026.0,1.0,211554.65,ContractMismatch
Spotless Facility Services Pty Ltd,Street cleaning, ,2026.0,6.0,148927.69,ContractMismatch
Spotless Facility Services Pty Ltd,Street cleaning, ,2026.0,8.0,238600.07,ContractMismatch
Spotless Facility Services Pty Ltd,Street cleaning, ,2026.0,10.0,208044.09,ContractMismatch
Spotless Facility Services Pty Ltd,Street cleaning, ,2027.0,9.0,200000.0,ContractMismatch
Spotless Facility Services Pty Ltd,Street cleaning,3669,2025.0,4.0,672584.25,UnderLower
Spotless Facility Services Pty Ltd,Street cleaning,3669,2025.0,5.0,125707.45,UnderLower
Spotless Facility Services Pty Ltd,Street cleaning,3669,2025.0,7.0,191238.61,UnderLower
Spotless Facility Services Pty Ltd,Street cleaning,3669,2025.0,8.0,460584.03,UnderLower
Spotless Facility Services Pty Ltd,Street cleaning,3669,2025.0,9.0,300000.0,UnderLower
Spotless Facility Services Pty Ltd,Street cleaning,3669,2025.0,10.0,60042.44,UnderLower
Spotless Facility Services Pty Ltd,Street cleaning,3669,2025.0,11.0,100000.0,UnderLower
Spotless Facility Services Pty Ltd,Street cleaning,3669,2026.0,3.0,200000.0,UnderLower
Spotless Facility Services Pty Ltd,Street cleaning,3669,2026.0,5.0,141444.88,UnderLower
Spotless Facility Services Pty Ltd,Street cleaning,3669,2026.0,6.0,208094.73,UnderLower
Spotless Facility Services Pty Ltd,Street cleaning,3669,2026.0,7.0,154834.28,UnderLower
Spotless Facility Services Pty Ltd,Street cleaning,3669,2026.0,12.0,113326.04,UnderLower
Spotless Facility Services Pty Ltd,Street cleaning,3669,2027.0,1.0,263510.32,UnderLower
Spotless Facility Services Pty Ltd,Street cleaning,3669,2027.0,2.0,385700.82,UnderLower
Spotless Facility Services Pty Ltd,Street cleaning,3669,2027.0,6.0,0.0,UnderLower
Spotless Facility Services Pty Ltd,Street cleaning,3669,2027.0,7.0,229924.42,UnderLower
Spotless Facility Services Pty Ltd,Street cleaning,3669,2027.0,8.0,259411.64,UnderLower
Spotless Facility Services Pty Ltd,Street cleaning,3669,2027.0,10.0,225939.54,UnderLower
Spotless Facility Services Pty Ltd,Street cleaning,3669,2027.0,11.0,210305.07,UnderLower
Spotless Facility Services Pty Ltd,Street cleaning,3669,2027.0,12.0,180353.43,UnderLower
Spotless Facility Services Pty Ltd,Street cleaning,3669,2028.0,1.0,118169.89,UnderLower
Spotless Facility Services Pty Ltd,Street cleaning,3669,2028.0,2.0,108729.65,UnderLower
Spotless Facility Services Pty Ltd,Street cleaning,3669,2028.0,5.0,155485.8,UnderLower
Spotless Facility Services Pty Ltd,Street cleaning,3669,2028.0,6.0,167920.95,UnderLower
Spotless Facility Services Pty Ltd,Street cleaning,3669,2028.0,7.0,291429.47,UnderLower
Spotless Facility Services Pty Ltd,Street cleaning,3669,2028.0,8.0,271351.92,UnderLower
Spotless Facility Services Pty Ltd,Street cleaning,3669,2028.0,9.0,134575.58,UnderLower
Spotless Facility Services Pty Ltd,Street cleaning,3669,2028.0,10.0,482490.75,UnderLower
Spotless Facility Services Pty Ltd,Street cleaning,3669,2029.0,1.0,222034.19,UnderLower
Spotless Facility Services Pty Ltd,Street cleaning,3669,2029.0,2.0,231655.89,UnderLower
Spotless Facility Services Pty Ltd,Street cleaning,3669,2029.0,3.0,403528.92,UnderLower
Spotless Facility Services Pty Ltd,Street cleaning,3669,2029.0,4.0,657129.3200000001,UnderLower
Spotless Facility Services Pty Ltd,Street cleaning,3669,2029.0,8.0,100000.0,UnderLower
Spotless Facility Services Pty Ltd,Street cleaning,3669,2029.0,11.0,18001.17,UnderLower
Spotless Facility Services Pty Ltd,Street cleaning,3669,2029.0,12.0,35725.41,UnderLower
Victorian YMCA Community Programming Pty Ltd,Management of Active Melbourne recreation facilities, ,2025.0,3.0,100000.0,ContractMismatch
Victorian YMCA Community Programming Pty Ltd,Management of Active Melbourne recreation facilities, ,2025.0,9.0,84713.67,ContractMismatch
Victorian YMCA Community Programming Pty Ltd,Management of Active Melbourne recreation facilities,3615,2025.0,1.0,143484.49,WithinBounds
Victorian YMCA Community Programming Pty Ltd,Management of Active Melbourne recreation facilities,3615,2025.0,2.0,244220.49,OverUpper
Victorian YMCA Community Programming Pty Ltd,Management of Active Melbourne recreation facilities,3615,2025.0,4.0,128072.74,WithinBounds
Victorian YMCA Community Programming Pty Ltd,Management of Active Melbourne recreation facilities,3615,2025.0,6.0,496261.55,OverUpper
Victorian YMCA Community Programming Pty Ltd,Management of Active Melbourne recreation facilities,3615,2025.0,8.0,190569.87,OverUpper
Victorian YMCA Community Programming Pty Ltd,Management of Active Melbourne recreation facilities,3615,2025.0,9.0,174331.53,OverUpper
Victorian YMCA Community Programming Pty Ltd,Management of Active Melbourne recreation facilities,3615,2025.0,11.0,337594.55,OverUpper
Victorian YMCA Community Programming Pty Ltd,Management of Active Melbourne recreation facilities,3615,2025.0,12.0,0.0,UnderLower
Victorian YMCA Community Programming Pty Ltd,Management of Active Melbourne recreation facilities,3615,2026.0,1.0,48193.71,UnderLower
Victorian YMCA Community Programming Pty Ltd,Management of Active Melbourne recreation facilities,3615,2026.0,2.0,100000.0,UnderLower
Victorian YMCA Community Programming Pty Ltd,Management of Active Melbourne recreation facilities,3615,2026.0,4.0,123168.98,UnderLower
Victorian YMCA Community Programming Pty Ltd,Management of Active Melbourne recreation facilities,3615,2026.0,5.0,365765.6,OverUpper
Victorian YMCA Community Programming Pty Ltd,Management of Active Melbourne recreation facilities,3615,2026.0,6.0,363621.01,OverUpper
Victorian YMCA Community Programming Pty Ltd,Management of Active Melbourne recreation facilities,3615,2026.0,8.0,98315.38,UnderLower
Victorian YMCA Community Programming Pty Ltd,Management of Active Melbourne recreation facilities,3615,2026.0,9.0,328044.94999999995,OverUpper
Victorian YMCA Community Programming Pty Ltd,Management of Active Melbourne recreation facilities,3615,2026.0,10.0,198591.77,OverUpper
Victorian YMCA Community Programming Pty Ltd,Management of Active Melbourne recreation facilities,3615,2026.0,12.0,166086.49,WithinBounds
Victorian YMCA Community Programming Pty Ltd,Management of Active Melbourne recreation facilities,3615,2027.0,1.0,11153.51,UnderLower
Victorian YMCA Community Programming Pty Ltd,Management of Active Melbourne recreation facilities,3615,2027.0,4.0,186000.36,OverUpper
Victorian YMCA Community Programming Pty Ltd,Management of Active Melbourne recreation facilities,3615,2027.0,5.0,164765.44,WithinBounds
Victorian YMCA Community Programming Pty Ltd,Management of Active Melbourne recreation facilities,3615,2027.0,8.0,577960.56,OverUpper
Victorian YMCA Community Programming Pty Ltd,Management of Active Melbourne recreation facilities,3615,2027.0,9.0,244735.73,OverUpper
Victorian YMCA Community Programming Pty Ltd,Management of Active Melbourne recreation facilities,3615,2027.0,10.0,323370.03,OverUpper
Victorian YMCA Community Programming Pty Ltd,Management of Active Melbourne recreation facilities,3615,2027.0,11.0,403614.88,OverUpper
Victorian YMCA Community Programming Pty Ltd,Management of Active Melbourne recreation facilities,3615,2028.0,1.0,297363.42000000004,OverUpper
Victorian YMCA Community Programming Pty Ltd,Management of Active Melbourne recreation facilities,3615,2028.0,2.0,94954.62,UnderLower
Victorian YMCA Community Programming Pty Ltd,Management of Active Melbourne recreation facilities,3615,2028.0,3.0,100000.0,UnderLower
Victorian YMCA Community Programming Pty Ltd,Management of Active Melbourne recreation facilities,3615,2028.0,4.0,147681.6,WithinBounds
Victorian YMCA Community Programming Pty Ltd,Management of Active Melbourne recreation facilities,3615,2028.0,8.0,394805.71,OverUpper
Victorian YMCA Community Programming Pty Ltd,Management of Active Melbourne recreation facilities,3615,2028.0,9.0,259959.05,OverUpper
Victorian YMCA Community Programming Pty Ltd,Management of Active Melbourne recreation facilities,3615,2028.0,11.0,145818.59,WithinBounds
Victorian YMCA Community Programming Pty Ltd,Management of Active Melbourne recreation facilities,3615,2028.0,12.0,38646.92,UnderLower
Victorian YMCA Community Programming Pty Ltd,Management of Active Melbourne recreation facilities,3615,2029.0,1.0,54038.11,UnderLower
Victorian YMCA Community Programming Pty Ltd,Management of Active Melbourne recreation facilities,3615,2029.0,2.0,64824.78,UnderLower
Victorian YMCA Community Programming Pty Ltd,Management of Active Melbourne recreation facilities,3615,2029.0,3.0,120356.17,UnderLower
Victorian YMCA Community Programming Pty Ltd,Management of Active Melbourne recreation facilities,3615,2029.0,4.0,165220.34,WithinBounds
Victorian YMCA Community Programming Pty Ltd,Management of Active Melbourne recreation facilities,3615,2029.0,6.0,237233.25,OverUpper
Victorian YMCA Community Programming Pty Ltd,Management of Active Melbourne recreation facilities,3615,2029.0,8.0,200000.0,OverUpper
Victorian YMCA Community Programming Pty Ltd,Management of Active Melbourne recreation facilities,3615,2029.0,10.0,2973.59,UnderLower
Victorian YMCA Community Programming Pty Ltd,Management of Active Melbourne recreation facilities,3615,2029.0,11.0,185714.01,OverUpper
Victorian YMCA Community Programming Pty Ltd,Management of Active Melbourne recreation facilities,3615,2029.0,12.0,100000.0,UnderLower
