Provider_Clean,ContractTitle_Clean,ContractNumber_Clean,Year,Month,MonthlySpend,RiskScore,DataQualityRisk,ContractRisk,FinancialRisk,ComplianceFlag
Calcorp Services Pty Ltd,Graffiti management and pressure cleaning services, ,2025.0,1.0,217878.34,154.0,144.0,10.0,0.0,ContractMismatch
Calcorp Services Pty Ltd,Graffiti management and pressure cleaning services, ,2028.0,12.0,151643.06,154.0,144.0,10.0,0.0,ContractMismatch
Calcorp Services Pty Ltd,Graffiti management and pressure cleaning services, ,2029.0,9.0,81665.22,154.0,144.0,10.0,0.0,ContractMismatch
Calcorp Services Pty Ltd,Graffiti management and pressure cleaning services,3668,2025.0,2.0,9650.47,144.0,144.0,0.0,0.0,UnderLower
Calcorp Services Pty Ltd,Graffiti management and pressure cleaning services,3668,2025.0,3.0,371234.94,155.33333333333334,155.33333333333334,0.0,0.0,UnderLower
Calcorp Services Pty Ltd,Graffiti management and pressure cleaning services,3668,2025.0,5.0,393083.62,178.0,178.0,0.0,0.0,UnderLower
Calcorp Services Pty Ltd,Graffiti management and pressure cleaning services,3668,2025.0,9.0,216507.68,144.0,144.0,0.0,0.0,UnderLower
Calcorp Services Pty Ltd,Graffiti management and pressure cleaning services,3668,2025.0,10.0,148016.96,178.0,178.0,0.0,0.0,UnderLower
Calcorp Services Pty Ltd,Graffiti management and pressure cleaning services,3668,2025.0,11.0,252682.94,149.0,149.0,0.0,0.0,UnderLower
Calcorp Services Pty Ltd,Graffiti management and pressure cleaning services,3668,2025.0,12.0,152800.78,134.0,134.0,0.0,0.0,UnderLower
Calcorp Services Pty Ltd,Graffiti management and pressure cleaning services,3668,2026.0,1.0,15713.54,178.0,178.0,0.0,0.0,UnderLower
Calcorp Services Pty Ltd,Graffiti management and pressure cleaning services,3668,2026.0,2.0,755934.7,163.5,163.5,0.0,0.0,OverUpper
Calcorp Services Pty Ltd,Graffiti management and pressure cleaning services,3668,2026.0,3.0,305063.33,144.0,144.0,0.0,0.0,UnderLower
Calcorp Services Pty Ltd,Graffiti management and pressure cleaning services,3668,2026.0,4.0,485144.81,150.66666666666666,150.66666666666666,0.0,0.0,OverUpper
Calcorp Services Pty Ltd,Graffiti management and pressure cleaning services,3668,2026.0,6.0,425443.81,166.0,166.0,0.0,0.0,OverUpper
Calcorp Services Pty Ltd,Graffiti management and pressure cleaning services,3668,2026.0,7.0,431957.91000000003,161.0,158.66666666666666,0.0,2.3333333333333335,OverUpper
Calcorp Services Pty Ltd,Graffiti management and pressure cleaning services,3668,2026.0,8.0,223912.41,161.0,161.0,0.0,0.0,UnderLower
Calcorp Services Pty Ltd,Graffiti management and pressure cleaning services,3668,2026.0,9.0,141878.02,178.0,178.0,0.0,0.0,UnderLower
Calcorp Services Pty Ltd,Graffiti management and pressure cleaning services,3668,2026.0,10.0,348037.01,168.0,168.0,0.0,0.0,UnderLower
Calcorp Services Pty Ltd,Graffiti management and pressure cleaning services,3668,2026.0,11.0,459762.78,166.66666666666666,166.66666666666666,0.0,0.0,OverUpper
Calcorp Services Pty Ltd,Graffiti management and pressure cleaning services,3668,2026.0,12.0,165558.5,178.0,178.0,0.0,0.0,UnderLower
Calcorp Services Pty Ltd,Graffiti management and pressure cleaning services,3668,2027.0,5.0,200000.0,178.0,178.0,0.0,0.0,UnderLower
Calcorp Services Pty Ltd,Graffiti management and pressure cleaning services,3668,2027.0,7.0,26199.02,178.0,178.0,0.0,0.0,UnderLower
Calcorp Services Pty Ltd,Graffiti management and pressure cleaning services,3668,2027.0,8.0,161788.12,144.0,144.0,0.0,0.0,UnderLower
Calcorp Services Pty Ltd,Graffiti management and pressure cleaning services,3668,2027.0,9.0,33675.31,144.0,144.0,0.0,0.0,UnderLower
Calcorp Services Pty Ltd,Graffiti management and pressure cleaning services,3668,2027.0,10.0,322900.17000000004,170.0,170.0,0.0,0.0,UnderLower
Calcorp Services Pty Ltd,Graffiti management and pressure cleaning services,3668,2027.0,11.0,390532.99,178.0,178.0,0.0,0.0,UnderLower
Calcorp Services Pty Ltd,Graffiti management and pressure cleaning services,3668,2028.0,2.0,434239.61000000004,163.5,163.5,0.0,0.0,OverUpper
Calcorp Services Pty Ltd,Graffiti management and pressure cleaning services,3668,2028.0,3.0,218339.97,144.0,144.0,0.0,0.0,UnderLower
Calcorp Services Pty Ltd,Graffiti management and pressure cleaning services,3668,2028.0,5.0,117721.70000000001,161.0,161.0,0.0,0.0,UnderLower
Calcorp Services Pty Ltd,Graffiti management and pressure cleaning services,3668,2028.0,6.0,293957.39,149.0,149.0,0.0,0.0,UnderLower
Calcorp Services Pty Ltd,Graffiti management and pressure cleaning services,3668,2028.0,7.0,444774.42000000004,162.0,162.0,0.0,0.0,OverUpper
Calcorp Services Pty Ltd,Graffiti management and pressure cleaning services,3668,2028.0,9.0,150245.55,178.0,178.0,0.0,0.0,UnderLower
Calcorp Services Pty Ltd,Graffiti management and pressure cleaning services,3668,2028.0,10.0,118410.29,161.0,161.0,0.0,0.0,UnderLower
Calcorp Services Pty Ltd,Graffiti management and pressure cleaning services,3668,2028.0,11.0,57612.19,178.0,178.0,0.0,0.0,UnderLower
Calcorp Services Pty Ltd,Graffiti management and pressure cleaning services,3668,2028.0,12.0,4475.32,178.0,178.0,0.0,0.0,UnderLower
Calcorp Services Pty Ltd,Graffiti management and pressure cleaning services,3668,2029.0,2.0,163175.8,153.0,148.0,5.0,0.0,UnderLower
Calcorp Services Pty Ltd,Graffiti management and pressure cleaning services,3668,2029.0,4.0,120033.1,159.0,144.0,15.0,0.0,UnderLower
Calcorp Services Pty Ltd,Graffiti management and pressure cleaning services,3668,2029.0,5.0,108129.6,163.0,148.0,15.0,0.0,UnderLower
Calcorp Services Pty Ltd,Graffiti management and pressure cleaning services,3668,2029.0,9.0,246092.09,159.0,144.0,15.0,0.0,UnderLower
Calcorp Services Pty Ltd,Graffiti management and pressure cleaning services,3668,2029.0,10.0,53939.33,159.0,144.0,15.0,0.0,UnderLower
Calcorp Services Pty Ltd,Graffiti management and pressure cleaning services,3668,2029.0,11.0,319442.95999999996,176.0,161.0,15.0,0.0,UnderLower
Calcorp Services Pty Ltd,Graffiti management and pressure cleaning services,3668,2029.0,12.0,161230.16,129.0,114.0,15.0,0.0,UnderLower
Citywide Service Solutions Pty Ltd,Civil infrastructure services, ,2025.0,3.0,243149.44,154.0,144.0,10.0,0.0,ContractMismatch
Citywide Service Solutions Pty Ltd,Civil infrastructure services, ,2026.0,4.0,200000.0,188.0,178.0,10.0,0.0,ContractMismatch
Citywide Service Solutions Pty Ltd,Civil infrastructure services, ,2026.0,10.0,200000.0,158.0,148.0,10.0,0.0,ContractMismatch
Citywide Service Solutions Pty Ltd,Civil infrastructure services, ,2026.0,12.0,85257.38,158.0,148.0,10.0,0.0,ContractMismatch
Citywide Service Solutions Pty Ltd,Civil infrastructure services, ,2027.0,1.0,47644.72,154.0,144.0,10.0,0.0,ContractMismatch
Citywide Service Solutions Pty Ltd,Civil infrastructure services, ,2027.0,5.0,157207.61,154.0,144.0,10.0,0.0,ContractMismatch
Citywide Service Solutions Pty Ltd,Civil infrastructure services,3665,2025.0,1.0,622388.94,164.5,164.5,0.0,0.0,WithinBounds
Citywide Service Solutions Pty Ltd,Civil infrastructure services,3665,2025.0,2.0,521389.76,168.0,168.0,0.0,0.0,WithinBounds
Citywide Service Solutions Pty Ltd,Civil infrastructure services,3665,2025.0,4.0,237522.43,154.0,154.0,0.0,0.0,UnderLower
Citywide Service Solutions Pty Ltd,Civil infrastructure services,3665,2025.0,5.0,246199.66999999998,149.0,149.0,0.0,0.0,UnderLower
Citywide Service Solutions Pty Ltd,Civil infrastructure services,3665,2025.0,7.0,246936.66,161.0,161.0,0.0,0.0,UnderLower
Citywide Service Solutions Pty Ltd,Civil infrastructure services,3665,2025.0,8.0,438439.01,178.0,178.0,0.0,0.0,WithinBounds
Citywide Service Solutions Pty Ltd,Civil infrastructure services,3665,2025.0,11.0,387630.39,159.0,156.66666666666666,0.0,2.3333333333333335,UnderLower
Citywide Service Solutions Pty Ltd,Civil infrastructure services,3665,2026.0,3.0,245429.28,145.33333333333334,145.33333333333334,0.0,0.0,UnderLower
Citywide Service Solutions Pty Ltd,Civil infrastructure services,3665,2026.0,4.0,241791.87,154.0,154.0,0.0,0.0,UnderLower
Citywide Service Solutions Pty Ltd,Civil infrastructure services,3665,2026.0,6.0,438135.70999999996,178.0,178.0,0.0,0.0,WithinBounds
Citywide Service Solutions Pty Ltd,Civil infrastructure services,3665,2026.0,8.0,391812.33,161.0,161.0,0.0,0.0,UnderLower
Citywide Service Solutions Pty Ltd,Civil infrastructure services,3665,2026.0,9.0,65376.42,178.0,178.0,0.0,0.0,UnderLower
Citywide Service Solutions Pty Ltd,Civil infrastructure services,3665,2026.0,11.0,215163.1,154.0,154.0,0.0,0.0,UnderLower
Citywide Service Solutions Pty Ltd,Civil infrastructure services,3665,2026.0,12.0,136145.23,178.0,178.0,0.0,0.0,UnderLower
Citywide Service Solutions Pty Ltd,Civil infrastructure services,3665,2027.0,1.0,194409.3,146.0,146.0,0.0,0.0,UnderLower
Citywide Service Solutions Pty Ltd,Civil infrastructure services,3665,2027.0,2.0,126440.95000000001,149.0,149.0,0.0,0.0,UnderLower
Citywide Service Solutions Pty Ltd,Civil infrastructure services,3665,2027.0,3.0,231735.29,144.0,144.0,0.0,0.0,UnderLower
Citywide Service Solutions Pty Ltd,Civil infrastructure services,3665,2027.0,4.0,65577.07,157.5,154.0,0.0,3.5,UnderLower
Citywide Service Solutions Pty Ltd,Civil infrastructure services,3665,2027.0,5.0,97422.68,114.0,114.0,0.0,0.0,UnderLower
Citywide Service Solutions Pty Ltd,Civil infrastructure services,3665,2027.0,6.0,249415.98,144.0,144.0,0.0,0.0,UnderLower
Citywide Service Solutions Pty Ltd,Civil infrastructure services,3665,2027.0,7.0,273752.72,166.0,166.0,0.0,0.0,UnderLower
Citywide Service Solutions Pty Ltd,Civil infrastructure services,3665,2027.0,8.0,159854.41,144.0,144.0,0.0,0.0,UnderLower
Citywide Service Solutions Pty Ltd,Civil infrastructure services,3665,2027.0,10.0,300000.0,166.0,166.0,0.0,0.0,UnderLower
Citywide Service Solutions Pty Ltd,Civil infrastructure services,3665,2027.0,12.0,96887.11,212.0,212.0,0.0,0.0,UnderLower
Citywide Service Solutions Pty Ltd,Civil infrastructure services,3665,2028.0,1.0,337319.12,149.0,149.0,0.0,0.0,UnderLower
Citywide Service Solutions Pty Ltd,Civil infrastructure services,3665,2028.0,2.0,20248.440000000002,129.0,129.0,0.0,0.0,UnderLower
Citywide Service Solutions Pty Ltd,Civil infrastructure services,3665,2028.0,4.0,100000.0,159.0,154.0,5.0,0.0,UnderLower
Citywide Service Solutions Pty Ltd,Civil infrastructure services,3665,2028.0,5.0,31868.18,183.0,178.0,5.0,0.0,UnderLower
Citywide Service Solutions Pty Ltd,Civil infrastructure services,3665,2028.0,6.0,218877.36,183.0,178.0,5.0,0.0,UnderLower
Citywide Service Solutions Pty Ltd,Civil infrastructure services,3665,2028.0,7.0,200000.0,139.0,124.0,15.0,0.0,UnderLower
Citywide Service Solutions Pty Ltd,Civil infrastructure services,3665,2028.0,9.0,208604.26,176.0,161.0,15.0,0.0,UnderLower
Citywide Service Solutions Pty Ltd,Civil infrastructure services,3665,2028.0,10.0,160337.11,193.0,178.0,15.0,0.0,UnderLower
Citywide Service Solutions Pty Ltd,Civil infrastructure services,3665,2028.0,11.0,362761.32999999996,154.0,139.0,15.0,0.0,UnderLower
Citywide Service Solutions Pty Ltd,Civil infrastructure services,3665,2028.0,12.0,150010.79,179.5,161.0,15.0,3.5,UnderLower
Citywide Service Solutions Pty Ltd,Civil infrastructure services,3665,2029.0,1.0,200000.0,193.0,178.0,15.0,0.0,UnderLower
Citywide Service Solutions Pty Ltd,Civil infrastructure services,3665,2029.0,4.0,200000.0,169.0,154.0,15.0,0.0,UnderLower
Citywide Service Solutions Pty Ltd,Civil infrastructure services,3665,2029.0,5.0,15371.6,159.0,144.0,15.0,0.0,UnderLower
Citywide Service Solutions Pty Ltd,Civil infrastructure services,3665,2029.0,6.0,226294.6,174.0,156.66666666666666,15.0,2.3333333333333335,UnderLower
Citywide Service Solutions Pty Ltd,Civil infrastructure services,3665,2029.0,7.0,598069.2,160.33333333333334,145.33333333333334,15.0,0.0,WithinBounds
Citywide Service Solutions Pty Ltd,Civil infrastructure services,3665,2029.0,8.0,65281.23,159.0,144.0,15.0,0.0,UnderLower
Citywide Service Solutions Pty Ltd,Civil infrastructure services,3665,2029.0,9.0,201909.97,135.0,120.0,15.0,0.0,UnderLower
Citywide Service Solutions Pty Ltd,Civil infrastructure services,3665,2029.0,10.0,116926.62,129.0,114.0,15.0,0.0,UnderLower
Citywide Service Solutions Pty Ltd,Graffiti management and pressure cleaning services, ,2026.0,11.0,96794.04,209.0,199.0,10.0,0.0,ContractMismatch
Citywide Service Solutions Pty Ltd,Open spaces management - region 1, ,2028.0,1.0,181456.81,188.0,178.0,10.0,0.0,ContractMismatch
Citywide Service Solutions Pty Ltd,Open spaces management - region 1, ,2029.0,1.0,183018.55,134.0,124.0,10.0,0.0,ContractMismatch
Citywide Service Solutions Pty Ltd,Open spaces management - region 1,3676,2025.0,1.0,217830.75,177.0,177.0,0.0,0.0,UnderLower
Citywide Service Solutions Pty Ltd,Open spaces management - region 1,3676,2025.0,3.0,193391.43,178.0,178.0,0.0,0.0,UnderLower
Citywide Service Solutions Pty Ltd,Open spaces management - region 1,3676,2025.0,5.0,217115.05,94.0,94.0,0.0,0.0,UnderLower
Citywide Service Solutions Pty Ltd,Open spaces management - region 1,3676,2025.0,6.0,155454.93,120.0,120.0,0.0,0.0,UnderLower
Citywide Service Solutions Pty Ltd,Open spaces management - region 1,3676,2025.0,9.0,362130.38,178.0,178.0,0.0,0.0,UnderLower
Citywide Service Solutions Pty Ltd,Open spaces management - region 1,3676,2025.0,10.0,219359.91,144.0,144.0,0.0,0.0,UnderLower
Citywide Service Solutions Pty Ltd,Open spaces management - region 1,3676,2026.0,2.0,359313.23,142.0,142.0,0.0,0.0,UnderLower
Citywide Service Solutions Pty Ltd,Open spaces management - region 1,3676,2026.0,3.0,734091.4400000001,155.6,155.6,0.0,0.0,WithinBounds
Citywide Service Solutions Pty Ltd,Open spaces management - region 1,3676,2026.0,4.0,256670.56,144.0,144.0,0.0,0.0,UnderLower
Citywide Service Solutions Pty Ltd,Open spaces management - region 1,3676,2026.0,5.0,32357.23,120.0,120.0,0.0,0.0,UnderLower
Citywide Service Solutions Pty Ltd,Open spaces management - region 1,3676,2026.0,7.0,337441.12,161.0,161.0,0.0,0.0,UnderLower
Citywide Service Solutions Pty Ltd,Open spaces management - region 1,3676,2026.0,9.0,167819.85,144.0,144.0,0.0,0.0,UnderLower
Citywide Service Solutions Pty Ltd,Open spaces management - region 1,3676,2026.0,10.0,102040.44,148.0,148.0,0.0,0.0,UnderLower
Citywide Service Solutions Pty Ltd,Open spaces management - region 1,3676,2027.0,2.0,170037.3,154.0,154.0,0.0,0.0,UnderLower
Citywide Service Solutions Pty Ltd,Open spaces management - region 1,3676,2027.0,4.0,11874.07,148.0,148.0,0.0,0.0,UnderLower
Citywide Service Solutions Pty Ltd,Open spaces management - region 1,3676,2027.0,5.0,293113.01,161.0,161.0,0.0,0.0,UnderLower
Citywide Service Solutions Pty Ltd,Open spaces management - region 1,3676,2027.0,6.0,355650.04000000004,137.33333333333334,137.33333333333334,0.0,0.0,UnderLower
Citywide Service Solutions Pty Ltd,Open spaces management - region 1,3676,2027.0,9.0,203141.50999999998,166.0,166.0,0.0,0.0,UnderLower
Citywide Service Solutions Pty Ltd,Open spaces management - region 1,3676,2028.0,2.0,149786.13,144.0,144.0,0.0,0.0,UnderLower
Citywide Service Solutions Pty Ltd,Open spaces management - region 1,3676,2028.0,3.0,84425.38,144.0,144.0,0.0,0.0,UnderLower
Citywide Service Solutions Pty Ltd,Open spaces management - region 1,3676,2028.0,4.0,100819.4,166.0,166.0,0.0,0.0,UnderLower
Citywide Service Solutions Pty Ltd,Open spaces management - region 1,3676,2028.0,5.0,404340.74,144.0,144.0,0.0,0.0,UnderLower
Citywide Service Solutions Pty Ltd,Open spaces management - region 1,3676,2028.0,7.0,251350.51,163.0,163.0,0.0,0.0,UnderLower
Citywide Service Solutions Pty Ltd,Open spaces management - region 1,3676,2028.0,8.0,130450.88,144.0,144.0,0.0,0.0,UnderLower
Citywide Service Solutions Pty Ltd,Open spaces management - region 1,3676,2028.0,10.0,392678.33999999997,132.0,132.0,0.0,0.0,UnderLower
Citywide Service Solutions Pty Ltd,Open spaces management - region 1,3676,2028.0,11.0,107013.42,144.0,144.0,0.0,0.0,UnderLower
Citywide Service Solutions Pty Ltd,Open spaces management - region 1,3676,2029.0,1.0,202006.29,183.0,178.0,5.0,0.0,UnderLower
Citywide Service Solutions Pty Ltd,Open spaces management - region 1,3676,2029.0,2.0,120224.5,149.0,144.0,5.0,0.0,UnderLower
Citywide Service Solutions Pty Ltd,Open spaces management - region 1,3676,2029.0,3.0,438603.45999999996,174.5,169.5,5.0,0.0,WithinBounds
Citywide Service Solutions Pty Ltd,Open spaces management - region 1,3676,2029.0,5.0,239905.61,144.0,129.0,15.0,0.0,UnderLower
Citywide Service Solutions Pty Ltd,Open spaces management - region 1,3676,2029.0,6.0,87474.51,193.0,178.0,15.0,0.0,UnderLower
Citywide Service Solutions Pty Ltd,Open spaces management - region 1,3676,2029.0,8.0,320141.66000000003,170.33333333333334,155.33333333333334,15.0,0.0,UnderLower
Citywide Service Solutions Pty Ltd,Open spaces management - region 1,3676,2029.0,9.0,10236.01,159.0,144.0,15.0,0.0,UnderLower
Citywide Service Solutions Pty Ltd,Open spaces management - region 1,3676,2029.0,10.0,43498.86,193.0,178.0,15.0,0.0,UnderLower
Citywide Service Solutions Pty Ltd,Open spaces management - region 1,3676,2029.0,11.0,453562.52,193.0,178.0,15.0,0.0,WithinBounds
Citywide Service Solutions Pty Ltd,Open spaces management - region 1,3676,2029.0,12.0,22544.85,169.0,154.0,15.0,0.0,UnderLower
Citywide Service Solutions Pty Ltd,Tree management maintenance services, ,2025.0,2.0,200000.0,158.0,148.0,10.0,0.0,ContractMismatch
Citywide Service Solutions Pty Ltd,Tree management maintenance services, ,2027.0,4.0,12262.93,154.0,144.0,10.0,0.0,ContractMismatch
Citywide Service Solutions Pty Ltd,Tree management maintenance services, ,2027.0,12.0,50853.91,154.0,144.0,10.0,0.0,ContractMismatch
Citywide Service Solutions Pty Ltd,Tree management maintenance services, ,2028.0,8.0,13450.2,188.0,178.0,10.0,0.0,ContractMismatch
Citywide Service Solutions Pty Ltd,Tree management maintenance services, ,2028.0,10.0,132345.0,188.0,178.0,10.0,0.0,ContractMismatch
Citywide Service Solutions Pty Ltd,Tree management maintenance services,3665,2028.0,2.0,129482.46,158.0,148.0,10.0,0.0,ContractMismatch
Citywide Service Solutions Pty Ltd,Tree management maintenance services,3678,2025.0,2.0,89133.69,178.0,178.0,0.0,0.0,UnderLower
Citywide Service Solutions Pty Ltd,Tree management maintenance services,3678,2025.0,4.0,0.0,173.0,166.0,0.0,7.0,UnderLower
Citywide Service Solutions Pty Ltd,Tree management maintenance services,3678,2025.0,6.0,227415.17,164.5,161.0,0.0,3.5,WithinBounds
Citywide Service Solutions Pty Ltd,Tree management maintenance services,3678,2025.0,7.0,58604.61,178.0,178.0,0.0,0.0,UnderLower
Citywide Service Solutions Pty Ltd,Tree management maintenance services,3678,2025.0,9.0,426148.41000000003,161.0,161.0,0.0,0.0,OverUpper
Citywide Service Solutions Pty Ltd,Tree management maintenance services,3678,2025.0,12.0,128071.46,94.0,94.0,0.0,0.0,UnderLower
Citywide Service Solutions Pty Ltd,Tree management maintenance services,3678,2026.0,1.0,249090.51,178.0,178.0,0.0,0.0,WithinBounds
Citywide Service Solutions Pty Ltd,Tree management maintenance services,3678,2026.0,2.0,0.0,195.0,188.0,0.0,7.0,UnderLower
Citywide Service Solutions Pty Ltd,Tree management maintenance services,3678,2026.0,4.0,76160.07,144.0,144.0,0.0,0.0,UnderLower
Citywide Service Solutions Pty Ltd,Tree management maintenance services,3678,2026.0,6.0,193969.4,195.0,195.0,0.0,0.0,WithinBounds
Citywide Service Solutions Pty Ltd,Tree management maintenance services,3678,2026.0,7.0,200327.49,144.0,144.0,0.0,0.0,WithinBounds
Citywide Service Solutions Pty Ltd,Tree management maintenance services,3678,2026.0,9.0,150914.14,178.0,178.0,0.0,0.0,UnderLower
Citywide Service Solutions Pty Ltd,Tree management maintenance services,3678,2026.0,10.0,15772.18,114.0,114.0,0.0,0.0,UnderLower
Citywide Service Solutions Pty Ltd,Tree management maintenance services,3678,2026.0,11.0,137124.03,178.0,178.0,0.0,0.0,UnderLower
Citywide Service Solutions Pty Ltd,Tree management maintenance services,3678,2026.0,12.0,233663.97,144.0,144.0,0.0,0.0,WithinBounds
Citywide Service Solutions Pty Ltd,Tree management maintenance services,3678,2027.0,1.0,82381.68,178.0,178.0,0.0,0.0,UnderLower
Citywide Service Solutions Pty Ltd,Tree management maintenance services,3678,2027.0,2.0,453001.61,166.66666666666666,166.66666666666666,0.0,0.0,OverUpper
Citywide Service Solutions Pty Ltd,Tree management maintenance services,3678,2027.0,3.0,161848.74,120.0,120.0,0.0,0.0,UnderLower
Citywide Service Solutions Pty Ltd,Tree management maintenance services,3678,2027.0,4.0,186149.42,178.0,178.0,0.0,0.0,WithinBounds
Citywide Service Solutions Pty Ltd,Tree management maintenance services,3678,2027.0,6.0,334428.57,146.0,146.0,0.0,0.0,WithinBounds
Citywide Service Solutions Pty Ltd,Tree management maintenance services,3678,2027.0,7.0,352278.24,132.0,132.0,0.0,0.0,WithinBounds
Citywide Service Solutions Pty Ltd,Tree management maintenance services,3678,2027.0,8.0,280133.59,155.0,155.0,0.0,0.0,WithinBounds
Citywide Service Solutions Pty Ltd,Tree management maintenance services,3678,2027.0,10.0,15836.62,144.0,144.0,0.0,0.0,UnderLower
Citywide Service Solutions Pty Ltd,Tree management maintenance services,3678,2027.0,12.0,134851.21,144.0,144.0,0.0,0.0,UnderLower
Citywide Service Solutions Pty Ltd,Tree management maintenance services,3678,2028.0,2.0,100000.0,178.0,178.0,0.0,0.0,UnderLower
Citywide Service Solutions Pty Ltd,Tree management maintenance services,3678,2028.0,3.0,391679.41000000003,171.33333333333334,171.33333333333334,0.0,0.0,WithinBounds
Citywide Service Solutions Pty Ltd,Tree management maintenance services,3678,2028.0,4.0,334621.22,178.0,178.0,0.0,0.0,WithinBounds
Citywide Service Solutions Pty Ltd,Tree management maintenance services,3678,2028.0,6.0,332040.58999999997,136.0,136.0,0.0,0.0,WithinBounds
Citywide Service Solutions Pty Ltd,Tree management maintenance services,3678,2028.0,7.0,3077.9,144.0,144.0,0.0,0.0,UnderLower
Citywide Service Solutions Pty Ltd,Tree management maintenance services,3678,2028.0,8.0,100000.0,178.0,178.0,0.0,0.0,UnderLower
Citywide Service Solutions Pty Ltd,Tree management maintenance services,3678,2028.0,9.0,449393.6,134.0,134.0,0.0,0.0,OverUpper
Citywide Service Solutions Pty Ltd,Tree management maintenance services,3678,2028.0,12.0,175862.57,178.0,178.0,0.0,0.0,WithinBounds
Citywide Service Solutions Pty Ltd,Tree management maintenance services,3678,2029.0,2.0,448581.91000000003,183.0,178.0,5.0,0.0,OverUpper
Citywide Service Solutions Pty Ltd,Tree management maintenance services,3678,2029.0,5.0,163273.82,193.0,178.0,15.0,0.0,UnderLower
Citywide Service Solutions Pty Ltd,Tree management maintenance services,3678,2029.0,8.0,31499.69,193.0,178.0,15.0,0.0,UnderLower
Citywide Service Solutions Pty Ltd,Tree management maintenance services,3678,2029.0,9.0,205044.82,159.0,144.0,15.0,0.0,WithinBounds
Citywide Service Solutions Pty Ltd,Tree management maintenance services,3678,2029.0,10.0,773.76,193.0,178.0,15.0,0.0,UnderLower
Citywide Service Solutions Pty Ltd,Tree management maintenance services,3678,2029.0,11.0,255089.03,176.0,161.0,15.0,0.0,WithinBounds
Cleanaway Waste Management Limited,Waste management services, ,2028.0,4.0,100000.0,164.0,154.0,10.0,0.0,ContractMismatch
Cleanaway Waste Management Limited,Waste management services, ,2029.0,10.0,36868.5,188.0,178.0,10.0,0.0,ContractMismatch
Cleanaway Waste Management Limited,Waste management services,3556,2025.0,1.0,121689.08,152.5,149.0,0.0,3.5,UnderLower
Cleanaway Waste Management Limited,Waste management services,3556,2025.0,2.0,723785.72,147.5,147.5,0.0,0.0,UnderLower
Cleanaway Waste Management Limited,Waste management services,3556,2025.0,3.0,117176.76,144.0,144.0,0.0,0.0,UnderLower
Cleanaway Waste Management Limited,Waste management services,3556,2025.0,4.0,118323.33,149.0,149.0,0.0,0.0,UnderLower
Cleanaway Waste Management Limited,Waste management services,3556,2025.0,6.0,175178.78,144.0,144.0,0.0,0.0,UnderLower
Cleanaway Waste Management Limited,Waste management services,3556,2025.0,7.0,400000.0,178.0,178.0,0.0,0.0,UnderLower
Cleanaway Waste Management Limited,Waste management services,3556,2025.0,8.0,126180.09,148.0,148.0,0.0,0.0,UnderLower
Cleanaway Waste Management Limited,Waste management services,3556,2025.0,9.0,420546.94,155.33333333333334,155.33333333333334,0.0,0.0,UnderLower
Cleanaway Waste Management Limited,Waste management services,3556,2025.0,11.0,202617.08,166.0,166.0,0.0,0.0,UnderLower
Cleanaway Waste Management Limited,Waste management services,3556,2025.0,12.0,90578.38,114.0,114.0,0.0,0.0,UnderLower
Cleanaway Waste Management Limited,Waste management services,3556,2026.0,1.0,394815.93999999994,147.33333333333334,144.0,3.3333333333333335,0.0,UnderLower
Cleanaway Waste Management Limited,Waste management services,3556,2026.0,2.0,229861.95,183.0,178.0,5.0,0.0,UnderLower
Cleanaway Waste Management Limited,Waste management services,3556,2026.0,3.0,0.0,166.0,154.0,5.0,7.0,UnderLower
Cleanaway Waste Management Limited,Waste management services,3556,2026.0,5.0,15904.47,129.0,114.0,15.0,0.0,UnderLower
Cleanaway Waste Management Limited,Waste management services,3556,2026.0,9.0,100000.0,193.0,178.0,15.0,0.0,UnderLower
Cleanaway Waste Management Limited,Waste management services,3556,2026.0,10.0,10482.46,159.0,144.0,15.0,0.0,UnderLower
Cleanaway Waste Management Limited,Waste management services,3556,2026.0,11.0,149239.34,179.5,161.0,15.0,3.5,UnderLower
Cleanaway Waste Management Limited,Waste management services,3556,2026.0,12.0,226954.22,163.0,148.0,15.0,0.0,UnderLower
Cleanaway Waste Management Limited,Waste management services,3556,2027.0,1.0,392003.76,210.0,195.0,15.0,0.0,UnderLower
Cleanaway Waste Management Limited,Waste management services,3556,2027.0,2.0,135054.27,193.0,178.0,15.0,0.0,UnderLower
Cleanaway Waste Management Limited,Waste management services,3556,2027.0,3.0,133490.6,129.0,114.0,15.0,0.0,UnderLower
Cleanaway Waste Management Limited,Waste management services,3556,2027.0,4.0,435452.44,185.0,170.0,15.0,0.0,UnderLower
Cleanaway Waste Management Limited,Waste management services,3556,2027.0,5.0,177518.36,159.0,144.0,15.0,0.0,UnderLower
Cleanaway Waste Management Limited,Waste management services,3556,2027.0,6.0,76368.71,129.0,114.0,15.0,0.0,UnderLower
Cleanaway Waste Management Limited,Waste management services,3556,2027.0,7.0,176301.68,159.0,144.0,15.0,0.0,UnderLower
Cleanaway Waste Management Limited,Waste management services,3556,2027.0,10.0,169511.49,178.0,163.0,15.0,0.0,UnderLower
Cleanaway Waste Management Limited,Waste management services,3556,2027.0,11.0,310844.19999999995,176.0,161.0,15.0,0.0,UnderLower
Cleanaway Waste Management Limited,Waste management services,3556,2028.0,3.0,300000.0,193.0,178.0,15.0,0.0,UnderLower
Cleanaway Waste Management Limited,Waste management services,3556,2028.0,5.0,115249.04,193.0,178.0,15.0,0.0,UnderLower
Cleanaway Waste Management Limited,Waste management services,3556,2028.0,6.0,331673.72,164.0,149.0,15.0,0.0,UnderLower
Cleanaway Waste Management Limited,Waste management services,3556,2028.0,8.0,237851.1,154.0,139.0,15.0,0.0,UnderLower
Cleanaway Waste Management Limited,Waste management services,3556,2028.0,10.0,100000.0,169.0,154.0,15.0,0.0,UnderLower
Cleanaway Waste Management Limited,Waste management services,3556,2028.0,12.0,0.0,248.0,233.0,15.0,0.0,UnderLower
Cleanaway Waste Management Limited,Waste management services,3556,2029.0,1.0,326458.14,152.0,137.0,15.0,0.0,UnderLower
Cleanaway Waste Management Limited,Waste management services,3556,2029.0,2.0,100000.0,193.0,178.0,15.0,0.0,UnderLower
Cleanaway Waste Management Limited,Waste management services,3556,2029.0,4.0,81710.03,159.0,144.0,15.0,0.0,UnderLower
Cleanaway Waste Management Limited,Waste management services,3556,2029.0,5.0,357169.9,181.66666666666666,166.66666666666666,15.0,0.0,UnderLower
Cleanaway Waste Management Limited,Waste management services,3556,2029.0,6.0,0.0,176.0,154.0,15.0,7.0,UnderLower
Cleanaway Waste Management Limited,Waste management services,3556,2029.0,7.0,200000.0,193.0,178.0,15.0,0.0,UnderLower
Cleanaway Waste Management Limited,Waste management services,3556,2029.0,8.0,125920.6,193.0,178.0,15.0,0.0,UnderLower
Cleanaway Waste Management Limited,Waste management services,3556,2029.0,9.0,107827.5,193.0,178.0,15.0,0.0,UnderLower
Cleanaway Waste Management Limited,Waste management services,3556,2029.0,10.0,200000.0,163.0,148.0,15.0,0.0,UnderLower
Menzies International (Aust) Pty Ltd,Building cleaning services, ,2026.0,7.0,26208.99,164.0,154.0,10.0,0.0,ContractMismatch
Menzies International (Aust) Pty Ltd,Building cleaning services, ,2026.0,12.0,200000.0,158.0,148.0,10.0,0.0,ContractMismatch
Menzies International (Aust) Pty Ltd,Building cleaning services, ,2027.0,7.0,200000.0,164.0,154.0,10.0,0.0,ContractMismatch
Menzies International (Aust) Pty Ltd,Building cleaning services, ,2027.0,10.0,208084.0,154.0,144.0,10.0,0.0,ContractMismatch
Menzies International (Aust) Pty Ltd,Building cleaning services, ,2029.0,4.0,193051.21,104.0,94.0,10.0,0.0,ContractMismatch
Menzies International (Aust) Pty Ltd,Building cleaning services, ,2029.0,5.0,168865.34,154.0,144.0,10.0,0.0,ContractMismatch
Menzies International (Aust) Pty Ltd,Building cleaning services,3634,2025.0,1.0,483812.38,156.0,156.0,0.0,0.0,OverUpper
Menzies International (Aust) Pty Ltd,Building cleaning services,3634,2025.0,2.0,244080.55,149.0,149.0,0.0,0.0,WithinBounds
Menzies International (Aust) Pty Ltd,Building cleaning services,3634,2025.0,3.0,208709.43,178.0,178.0,0.0,0.0,WithinBounds
Menzies International (Aust) Pty Ltd,Building cleaning services,3634,2025.0,5.0,151606.16,178.0,178.0,0.0,0.0,UnderLower
Menzies International (Aust) Pty Ltd,Building cleaning services,3634,2025.0,8.0,308049.43,134.0,134.0,0.0,0.0,WithinBounds
Menzies International (Aust) Pty Ltd,Building cleaning services,3634,2025.0,9.0,535575.8,170.0,170.0,0.0,0.0,OverUpper
Menzies International (Aust) Pty Ltd,Building cleaning services,3634,2025.0,10.0,200000.0,154.0,154.0,0.0,0.0,WithinBounds
Menzies International (Aust) Pty Ltd,Building cleaning services,3634,2025.0,12.0,348336.52,178.0,178.0,0.0,0.0,WithinBounds
Menzies International (Aust) Pty Ltd,Building cleaning services,3634,2026.0,1.0,117286.62,161.0,161.0,0.0,0.0,UnderLower
Menzies International (Aust) Pty Ltd,Building cleaning services,3634,2026.0,2.0,100000.0,178.0,178.0,0.0,0.0,UnderLower
Menzies International (Aust) Pty Ltd,Building cleaning services,3634,2026.0,4.0,218726.05,153.0,148.0,5.0,0.0,WithinBounds
Menzies International (Aust) Pty Ltd,Building cleaning services,3634,2026.0,8.0,427191.95,176.0,161.0,15.0,0.0,OverUpper
Menzies International (Aust) Pty Ltd,Building cleaning services,3634,2026.0,10.0,17534.58,193.0,178.0,15.0,0.0,UnderLower
Menzies International (Aust) Pty Ltd,Building cleaning services,3634,2026.0,11.0,200000.0,196.5,178.0,15.0,3.5,WithinBounds
Menzies International (Aust) Pty Ltd,Building cleaning services,3634,2026.0,12.0,309540.25,181.66666666666666,166.66666666666666,15.0,0.0,WithinBounds
Menzies International (Aust) Pty Ltd,Building cleaning services,3634,2027.0,1.0,10401.81,159.0,144.0,15.0,0.0,UnderLower
Menzies International (Aust) Pty Ltd,Building cleaning services,3634,2027.0,2.0,325486.2,176.0,161.0,15.0,0.0,WithinBounds
Menzies International (Aust) Pty Ltd,Building cleaning services,3634,2027.0,3.0,400000.0,193.0,178.0,15.0,0.0,WithinBounds
Menzies International (Aust) Pty Ltd,Building cleaning services,3634,2027.0,6.0,469674.47,163.66666666666666,148.66666666666666,15.0,0.0,OverUpper
Menzies International (Aust) Pty Ltd,Building cleaning services,3634,2027.0,8.0,100000.0,193.0,178.0,15.0,0.0,UnderLower
Menzies International (Aust) Pty Ltd,Building cleaning services,3634,2027.0,9.0,132662.49,159.0,144.0,15.0,0.0,UnderLower
Menzies International (Aust) Pty Ltd,Building cleaning services,3634,2027.0,10.0,88171.68,135.0,120.0,15.0,0.0,UnderLower
Menzies International (Aust) Pty Ltd,Building cleaning services,3634,2027.0,11.0,41285.28,159.0,144.0,15.0,0.0,UnderLower
Menzies International (Aust) Pty Ltd,Building cleaning services,3634,2028.0,1.0,481517.58,171.66666666666666,156.66666666666666,15.0,0.0,OverUpper
Menzies International (Aust) Pty Ltd,Building cleaning services,3634,2028.0,2.0,200000.0,193.0,178.0,15.0,0.0,WithinBounds
Menzies International (Aust) Pty Ltd,Building cleaning services,3634,2028.0,3.0,12316.97,193.0,178.0,15.0,0.0,UnderLower
Menzies International (Aust) Pty Ltd,Building cleaning services,3634,2028.0,4.0,214264.72,193.0,178.0,15.0,0.0,WithinBounds
Menzies International (Aust) Pty Ltd,Building cleaning services,3634,2028.0,6.0,181096.43,159.0,144.0,15.0,0.0,WithinBounds
Menzies International (Aust) Pty Ltd,Building cleaning services,3634,2028.0,7.0,252327.62,176.0,161.0,15.0,0.0,WithinBounds
Menzies International (Aust) Pty Ltd,Building cleaning services,3634,2028.0,8.0,263794.69,176.0,161.0,15.0,0.0,WithinBounds
Menzies International (Aust) Pty Ltd,Building cleaning services,3634,2028.0,11.0,181245.26,179.5,161.0,15.0,3.5,WithinBounds
Menzies International (Aust) Pty Ltd,Building cleaning services,3634,2029.0,3.0,157118.91,159.0,144.0,15.0,0.0,UnderLower
Menzies International (Aust) Pty Ltd,Building cleaning services,3634,2029.0,6.0,36418.99,159.0,144.0,15.0,0.0,UnderLower
Menzies International (Aust) Pty Ltd,Building cleaning services,3634,2029.0,7.0,200163.5,193.0,178.0,15.0,0.0,WithinBounds
Menzies International (Aust) Pty Ltd,Building cleaning services,3634,2029.0,8.0,71736.27,129.0,114.0,15.0,0.0,UnderLower
Menzies International (Aust) Pty Ltd,Building cleaning services,3634,2029.0,9.0,399016.43,159.0,144.0,15.0,0.0,WithinBounds
Menzies International (Aust) Pty Ltd,Building cleaning services,3634,2029.0,12.0,10956.33,159.0,144.0,15.0,0.0,UnderLower
National Protective Services Pty Ltd,Integrated security services, ,2028.0,1.0,116142.31,159.0,149.0,10.0,0.0,ContractMismatch
National Protective Services Pty Ltd,Integrated security services, ,2029.0,5.0,44485.69,154.0,144.0,10.0,0.0,ContractMismatch
National Protective Services Pty Ltd,Integrated security services,3686,2025.0,1.0,426091.77,156.66666666666666,156.66666666666666,0.0,0.0,OverUpper
National Protective Services Pty Ltd,Integrated security services,3686,2025.0,2.0,100000.0,148.0,148.0,0.0,0.0,UnderLower
National Protective Services Pty Ltd,Integrated security services,3686,2025.0,3.0,0.0,185.0,178.0,0.0,7.0,UnderLower
National Protective Services Pty Ltd,Integrated security services,3686,2025.0,6.0,229677.62,144.0,144.0,0.0,0.0,WithinBounds
National Protective Services Pty Ltd,Integrated security services,3686,2025.0,10.0,156499.22,144.0,144.0,0.0,0.0,UnderLower
National Protective Services Pty Ltd,Integrated security services,3686,2026.0,2.0,332195.82,149.0,149.0,0.0,0.0,WithinBounds
National Protective Services Pty Ltd,Integrated security services,3686,2026.0,3.0,384413.86,136.0,136.0,0.0,0.0,WithinBounds
National Protective Services Pty Ltd,Integrated security services,3686,2026.0,5.0,200000.0,148.0,148.0,0.0,0.0,WithinBounds
National Protective Services Pty Ltd,Integrated security services,3686,2026.0,8.0,219895.67,144.0,144.0,0.0,0.0,WithinBounds
National Protective Services Pty Ltd,Integrated security services,3686,2026.0,9.0,271904.93,161.0,161.0,0.0,0.0,WithinBounds
National Protective Services Pty Ltd,Integrated security services,3686,2026.0,10.0,238033.93,178.0,178.0,0.0,0.0,WithinBounds
National Protective Services Pty Ltd,Integrated security services,3686,2026.0,11.0,530708.79,153.5,153.5,0.0,0.0,OverUpper
National Protective Services Pty Ltd,Integrated security services,3686,2027.0,1.0,382567.66000000003,166.0,166.0,0.0,0.0,WithinBounds
National Protective Services Pty Ltd,Integrated security services,3686,2027.0,2.0,275552.77,162.0,162.0,0.0,0.0,WithinBounds
National Protective Services Pty Ltd,Integrated security services,3686,2027.0,3.0,220026.42,134.0,134.0,0.0,0.0,WithinBounds
National Protective Services Pty Ltd,Integrated security services,3686,2027.0,5.0,154601.32,144.0,144.0,0.0,0.0,UnderLower
National Protective Services Pty Ltd,Integrated security services,3686,2027.0,6.0,342268.1,162.0,162.0,0.0,0.0,WithinBounds
National Protective Services Pty Ltd,Integrated security services,3686,2027.0,7.0,178256.58000000002,144.0,144.0,0.0,0.0,WithinBounds
National Protective Services Pty Ltd,Integrated security services,3686,2027.0,8.0,208486.72,178.0,178.0,0.0,0.0,WithinBounds
National Protective Services Pty Ltd,Integrated security services,3686,2027.0,9.0,294770.95,166.66666666666666,166.66666666666666,0.0,0.0,WithinBounds
National Protective Services Pty Ltd,Integrated security services,3686,2027.0,11.0,193115.77,144.0,144.0,0.0,0.0,WithinBounds
National Protective Services Pty Ltd,Integrated security services,3686,2027.0,12.0,228350.91,154.0,154.0,0.0,0.0,WithinBounds
National Protective Services Pty Ltd,Integrated security services,3686,2028.0,1.0,127864.74,114.0,114.0,0.0,0.0,UnderLower
National Protective Services Pty Ltd,Integrated security services,3686,2028.0,2.0,175760.95,149.0,144.0,5.0,0.0,WithinBounds
National Protective Services Pty Ltd,Integrated security services,3686,2028.0,3.0,187367.67,149.0,144.0,5.0,0.0,WithinBounds
National Protective Services Pty Ltd,Integrated security services,3686,2028.0,4.0,427767.44,196.75,191.75,5.0,0.0,OverUpper
National Protective Services Pty Ltd,Integrated security services,3686,2028.0,5.0,60250.94,159.0,144.0,15.0,0.0,UnderLower
National Protective Services Pty Ltd,Integrated security services,3686,2028.0,6.0,42706.78,193.0,178.0,15.0,0.0,UnderLower
National Protective Services Pty Ltd,Integrated security services,3686,2028.0,9.0,19606.36,139.0,124.0,15.0,0.0,UnderLower
National Protective Services Pty Ltd,Integrated security services,3686,2028.0,10.0,287929.5,164.0,149.0,15.0,0.0,WithinBounds
National Protective Services Pty Ltd,Integrated security services,3686,2028.0,11.0,227687.48,169.0,154.0,15.0,0.0,WithinBounds
National Protective Services Pty Ltd,Integrated security services,3686,2029.0,1.0,192207.28,159.0,144.0,15.0,0.0,WithinBounds
National Protective Services Pty Ltd,Integrated security services,3686,2029.0,3.0,227370.21,193.0,178.0,15.0,0.0,WithinBounds
National Protective Services Pty Ltd,Integrated security services,3686,2029.0,5.0,0.0,188.0,166.0,15.0,7.0,UnderLower
National Protective Services Pty Ltd,Integrated security services,3686,2029.0,7.0,334719.61,176.0,161.0,15.0,0.0,WithinBounds
National Protective Services Pty Ltd,Integrated security services,3686,2029.0,8.0,27711.21,159.0,144.0,15.0,0.0,UnderLower
National Protective Services Pty Ltd,Integrated security services,3686,2029.0,10.0,49204.42,179.5,161.0,15.0,3.5,UnderLower
National Protective Services Pty Ltd,Integrated security services,3686,2029.0,11.0,195654.5,193.0,178.0,15.0,0.0,WithinBounds
National Protective Services Pty Ltd,Melbourne Town Hall venue management, ,2029.0,11.0,137973.03,273.0,263.0,10.0,0.0,ContractMismatch
National Protective Services Pty Ltd,Open spaces management - region 2, ,2026.0,12.0,100000.0,273.0,263.0,10.0,0.0,ContractMismatch
Nationwide Towing Services,Vehicle tow away and impound services, ,2026.0,8.0,188921.82,130.0,120.0,10.0,0.0,ContractMismatch
Nationwide Towing Services,Vehicle tow away and impound services, ,2026.0,11.0,173186.91,154.0,144.0,10.0,0.0,ContractMismatch
Nationwide Towing Services,Vehicle tow away and impound services, ,2027.0,4.0,110445.14,154.0,144.0,10.0,0.0,ContractMismatch
Nationwide Towing Services,Vehicle tow away and impound services, ,2027.0,6.0,71454.42,124.0,114.0,10.0,0.0,ContractMismatch
Nationwide Towing Services,Vehicle tow away and impound services, ,2028.0,9.0,112807.68,188.0,178.0,10.0,0.0,ContractMismatch
Nationwide Towing Services,Vehicle tow away and impound services, ,2029.0,2.0,7206.87,154.0,144.0,10.0,0.0,ContractMismatch
Nationwide Towing Services,Vehicle tow away and impound services,3585,2025.0,1.0,0.0,229.0,229.0,0.0,0.0,UnderLower
Nationwide Towing Services,Vehicle tow away and impound services,3585,2025.0,2.0,294687.8,150.66666666666666,150.66666666666666,0.0,0.0,OverUpper
Nationwide Towing Services,Vehicle tow away and impound services,3585,2025.0,5.0,18110.0,178.0,178.0,0.0,0.0,UnderLower
Nationwide Towing Services,Vehicle tow away and impound services,3585,2025.0,7.0,146537.02,154.0,154.0,0.0,0.0,WithinBounds
Nationwide Towing Services,Vehicle tow away and impound services,3585,2025.0,8.0,0.0,131.0,124.0,0.0,7.0,UnderLower
Nationwide Towing Services,Vehicle tow away and impound services,3585,2025.0,9.0,305655.92,161.0,161.0,0.0,0.0,OverUpper
Nationwide Towing Services,Vehicle tow away and impound services,3585,2025.0,10.0,244522.65,144.0,144.0,0.0,0.0,OverUpper
Nationwide Towing Services,Vehicle tow away and impound services,3585,2025.0,11.0,176324.68,178.0,178.0,0.0,0.0,OverUpper
Nationwide Towing Services,Vehicle tow away and impound services,3585,2025.0,12.0,441173.53,149.0,149.0,0.0,0.0,OverUpper
Nationwide Towing Services,Vehicle tow away and impound services,3585,2026.0,1.0,119836.04999999999,131.0,131.0,0.0,0.0,WithinBounds
Nationwide Towing Services,Vehicle tow away and impound services,3585,2026.0,2.0,167073.97,159.0,156.66666666666666,0.0,2.3333333333333335,OverUpper
Nationwide Towing Services,Vehicle tow away and impound services,3585,2026.0,3.0,188101.91,144.0,144.0,0.0,0.0,OverUpper
Nationwide Towing Services,Vehicle tow away and impound services,3585,2026.0,4.0,434336.78,158.66666666666666,158.66666666666666,0.0,0.0,OverUpper
Nationwide Towing Services,Vehicle tow away and impound services,3585,2026.0,7.0,161708.61,144.0,144.0,0.0,0.0,WithinBounds
Nationwide Towing Services,Vehicle tow away and impound services,3585,2026.0,10.0,228659.01,149.0,144.0,5.0,0.0,OverUpper
Nationwide Towing Services,Vehicle tow away and impound services,3585,2026.0,11.0,156628.44,149.0,144.0,5.0,0.0,WithinBounds
Nationwide Towing Services,Vehicle tow away and impound services,3585,2026.0,12.0,46698.74,193.0,178.0,15.0,0.0,UnderLower
Nationwide Towing Services,Vehicle tow away and impound services,3585,2027.0,2.0,370769.91,176.0,161.0,15.0,0.0,OverUpper
Nationwide Towing Services,Vehicle tow away and impound services,3585,2027.0,3.0,474251.86,168.5,153.5,15.0,0.0,OverUpper
Nationwide Towing Services,Vehicle tow away and impound services,3585,2027.0,4.0,200000.0,193.0,178.0,15.0,0.0,OverUpper
Nationwide Towing Services,Vehicle tow away and impound services,3585,2027.0,5.0,60292.36,159.0,144.0,15.0,0.0,UnderLower
Nationwide Towing Services,Vehicle tow away and impound services,3585,2027.0,7.0,184225.68,159.0,144.0,15.0,0.0,OverUpper
Nationwide Towing Services,Vehicle tow away and impound services,3585,2027.0,9.0,36448.12,163.0,148.0,15.0,0.0,UnderLower
Nationwide Towing Services,Vehicle tow away and impound services,3585,2027.0,10.0,204885.52,135.0,120.0,15.0,0.0,OverUpper
Nationwide Towing Services,Vehicle tow away and impound services,3585,2027.0,11.0,5928.68,129.0,114.0,15.0,0.0,UnderLower
Nationwide Towing Services,Vehicle tow away and impound services,3585,2027.0,12.0,218336.13,159.0,144.0,15.0,0.0,OverUpper
Nationwide Towing Services,Vehicle tow away and impound services,3585,2028.0,1.0,324478.70999999996,193.0,178.0,15.0,0.0,OverUpper
Nationwide Towing Services,Vehicle tow away and impound services,3585,2028.0,2.0,180431.06,164.0,149.0,15.0,0.0,OverUpper
Nationwide Towing Services,Vehicle tow away and impound services,3585,2028.0,3.0,432277.01,163.66666666666666,148.66666666666666,15.0,0.0,OverUpper
Nationwide Towing Services,Vehicle tow away and impound services,3585,2028.0,5.0,200000.0,193.0,178.0,15.0,0.0,OverUpper
Nationwide Towing Services,Vehicle tow away and impound services,3585,2028.0,6.0,148220.87,109.0,94.0,15.0,0.0,WithinBounds
Nationwide Towing Services,Vehicle tow away and impound services,3585,2028.0,7.0,308240.62,176.0,161.0,15.0,0.0,OverUpper
Nationwide Towing Services,Vehicle tow away and impound services,3585,2028.0,8.0,300000.0,181.0,166.0,15.0,0.0,OverUpper
Nationwide Towing Services,Vehicle tow away and impound services,3585,2028.0,9.0,200000.0,169.0,154.0,15.0,0.0,OverUpper
Nationwide Towing Services,Vehicle tow away and impound services,3585,2028.0,12.0,116464.51,193.0,178.0,15.0,0.0,WithinBounds
Nationwide Towing Services,Vehicle tow away and impound services,3585,2029.0,1.0,99494.02,159.0,144.0,15.0,0.0,WithinBounds
Nationwide Towing Services,Vehicle tow away and impound services,3585,2029.0,3.0,393098.27,147.0,132.0,15.0,0.0,OverUpper
Nationwide Towing Services,Vehicle tow away and impound services,3585,2029.0,5.0,289321.20999999996,159.0,144.0,15.0,0.0,OverUpper
Nationwide Towing Services,Vehicle tow away and impound services,3585,2029.0,8.0,241019.25,159.0,144.0,15.0,0.0,OverUpper
Nationwide Towing Services,Vehicle tow away and impound services,3585,2029.0,10.0,75169.08,135.0,120.0,15.0,0.0,UnderLower
Nationwide Towing Services,Vehicle tow away and impound services,3585,2029.0,11.0,236768.5,159.0,144.0,15.0,0.0,OverUpper
Nationwide Towing Services,Vehicle tow away and impound services,3585,2029.0,12.0,58619.45,164.5,146.0,15.0,3.5,UnderLower
Programmed Facility Management Pty Ltd,Building maintenance services, ,2027.0,6.0,208340.6,124.0,114.0,10.0,0.0,ContractMismatch
Programmed Facility Management Pty Ltd,Building maintenance services,3630,2025.0,1.0,493304.75,166.66666666666666,166.66666666666666,0.0,0.0,OverUpper
Programmed Facility Management Pty Ltd,Building maintenance services,3630,2025.0,2.0,100000.0,178.0,178.0,0.0,0.0,UnderLower
Programmed Facility Management Pty Ltd,Building maintenance services,3630,2025.0,4.0,0.0,185.0,178.0,0.0,7.0,UnderLower
Programmed Facility Management Pty Ltd,Building maintenance services,3630,2025.0,5.0,44803.27,178.0,178.0,0.0,0.0,UnderLower
Programmed Facility Management Pty Ltd,Building maintenance services,3630,2025.0,7.0,329462.82,161.0,161.0,0.0,0.0,WithinBounds
Programmed Facility Management Pty Ltd,Building maintenance services,3630,2025.0,10.0,65446.17,144.0,144.0,0.0,0.0,UnderLower
Programmed Facility Management Pty Ltd,Building maintenance services,3630,2025.0,11.0,213778.17,178.0,178.0,0.0,0.0,WithinBounds
Programmed Facility Management Pty Ltd,Building maintenance services,3630,2025.0,12.0,584251.51,165.2,165.2,0.0,0.0,OverUpper
Programmed Facility Management Pty Ltd,Building maintenance services,3630,2026.0,1.0,89875.96,166.66666666666666,166.66666666666666,0.0,0.0,UnderLower
Programmed Facility Management Pty Ltd,Building maintenance services,3630,2026.0,2.0,0.0,199.0,199.0,0.0,0.0,UnderLower
Programmed Facility Management Pty Ltd,Building maintenance services,3630,2026.0,3.0,445847.18,155.33333333333334,155.33333333333334,0.0,0.0,OverUpper
Programmed Facility Management Pty Ltd,Building maintenance services,3630,2026.0,4.0,12950.63,120.0,120.0,0.0,0.0,UnderLower
Programmed Facility Management Pty Ltd,Building maintenance services,3630,2026.0,5.0,124775.81,178.0,178.0,0.0,0.0,UnderLower
Programmed Facility Management Pty Ltd,Building maintenance services,3630,2026.0,6.0,133876.30000000002,157.66666666666666,155.33333333333334,0.0,2.3333333333333335,UnderLower
Programmed Facility Management Pty Ltd,Building maintenance services,3630,2026.0,7.0,175917.94,183.0,178.0,5.0,0.0,WithinBounds
Programmed Facility Management Pty Ltd,Building maintenance services,3630,2026.0,8.0,443132.22,183.0,178.0,5.0,0.0,OverUpper
Programmed Facility Management Pty Ltd,Building maintenance services,3630,2027.0,1.0,12462.42,159.0,144.0,15.0,0.0,UnderLower
Programmed Facility Management Pty Ltd,Building maintenance services,3630,2027.0,3.0,147371.4,193.0,178.0,15.0,0.0,UnderLower
Programmed Facility Management Pty Ltd,Building maintenance services,3630,2027.0,5.0,408882.55,151.0,136.0,15.0,0.0,WithinBounds
Programmed Facility Management Pty Ltd,Building maintenance services,3630,2027.0,6.0,175247.93,193.0,178.0,15.0,0.0,WithinBounds
Programmed Facility Management Pty Ltd,Building maintenance services,3630,2027.0,8.0,21071.49,193.0,178.0,15.0,0.0,UnderLower
Programmed Facility Management Pty Ltd,Building maintenance services,3630,2028.0,1.0,0.0,200.0,178.0,15.0,7.0,UnderLower
Programmed Facility Management Pty Ltd,Building maintenance services,3630,2028.0,2.0,40837.01,193.0,178.0,15.0,0.0,UnderLower
Programmed Facility Management Pty Ltd,Building maintenance services,3630,2028.0,3.0,218789.02,227.0,212.0,15.0,0.0,WithinBounds
Programmed Facility Management Pty Ltd,Building maintenance services,3630,2028.0,4.0,138111.11000000002,176.0,161.0,15.0,0.0,UnderLower
Programmed Facility Management Pty Ltd,Building maintenance services,3630,2028.0,5.0,100000.0,203.0,188.0,15.0,0.0,UnderLower
Programmed Facility Management Pty Ltd,Building maintenance services,3630,2028.0,6.0,39145.96,166.0,151.0,15.0,0.0,UnderLower
Programmed Facility Management Pty Ltd,Building maintenance services,3630,2028.0,7.0,542691.96,193.0,178.0,15.0,0.0,OverUpper
Programmed Facility Management Pty Ltd,Building maintenance services,3630,2028.0,9.0,56385.74,159.0,144.0,15.0,0.0,UnderLower
Programmed Facility Management Pty Ltd,Building maintenance services,3630,2028.0,10.0,29733.07,193.0,178.0,15.0,0.0,UnderLower
Programmed Facility Management Pty Ltd,Building maintenance services,3630,2028.0,11.0,100000.0,193.0,178.0,15.0,0.0,UnderLower
Programmed Facility Management Pty Ltd,Building maintenance services,3630,2029.0,2.0,236794.36000000002,138.0,120.66666666666667,15.0,2.3333333333333335,WithinBounds
Programmed Facility Management Pty Ltd,Building maintenance services,3630,2029.0,4.0,88980.51,163.0,148.0,15.0,0.0,UnderLower
Programmed Facility Management Pty Ltd,Building maintenance services,3630,2029.0,6.0,13916.63,193.0,178.0,15.0,0.0,UnderLower
Programmed Facility Management Pty Ltd,Building maintenance services,3630,2029.0,9.0,279070.83999999997,137.0,122.0,15.0,0.0,WithinBounds
Programmed Facility Management Pty Ltd,Building maintenance services,3630,2029.0,10.0,200000.0,193.0,178.0,15.0,0.0,WithinBounds
Reino International Pty Ltd T/A Duncan Solutions,Parking technology services, ,2025.0,9.0,22351.19,154.0,144.0,10.0,0.0,ContractMismatch
Reino International Pty Ltd T/A Duncan Solutions,Parking technology services, ,2028.0,4.0,58798.72,188.0,178.0,10.0,0.0,ContractMismatch
Reino International Pty Ltd T/A Duncan Solutions,Parking technology services,3623,2025.0,2.0,270675.69,163.0,163.0,0.0,0.0,OverUpper
Reino International Pty Ltd T/A Duncan Solutions,Parking technology services,3623,2025.0,3.0,159970.77000000002,134.0,134.0,0.0,0.0,WithinBounds
Reino International Pty Ltd T/A Duncan Solutions,Parking technology services,3623,2025.0,4.0,193372.81,178.0,178.0,0.0,0.0,OverUpper
Reino International Pty Ltd T/A Duncan Solutions,Parking technology services,3623,2025.0,5.0,18010.9,148.0,148.0,0.0,0.0,UnderLower
Reino International Pty Ltd T/A Duncan Solutions,Parking technology services,3623,2025.0,7.0,200000.0,148.0,148.0,0.0,0.0,OverUpper
Reino International Pty Ltd T/A Duncan Solutions,Parking technology services,3623,2025.0,8.0,327039.32,139.33333333333334,139.33333333333334,0.0,0.0,OverUpper
Reino International Pty Ltd T/A Duncan Solutions,Parking technology services,3623,2025.0,9.0,340089.73,144.0,144.0,0.0,0.0,OverUpper
Reino International Pty Ltd T/A Duncan Solutions,Parking technology services,3623,2025.0,10.0,710383.2,172.0,172.0,0.0,0.0,OverUpper
Reino International Pty Ltd T/A Duncan Solutions,Parking technology services,3623,2025.0,11.0,504584.95999999996,166.66666666666666,166.66666666666666,0.0,0.0,OverUpper
Reino International Pty Ltd T/A Duncan Solutions,Parking technology services,3623,2025.0,12.0,248546.92,178.0,178.0,0.0,0.0,OverUpper
Reino International Pty Ltd T/A Duncan Solutions,Parking technology services,3623,2026.0,2.0,24314.22,183.0,178.0,5.0,0.0,UnderLower
Reino International Pty Ltd T/A Duncan Solutions,Parking technology services,3623,2026.0,3.0,63938.01,169.5,161.0,5.0,3.5,UnderLower
Reino International Pty Ltd T/A Duncan Solutions,Parking technology services,3623,2026.0,4.0,350682.33,144.0,134.0,10.0,0.0,OverUpper
Reino International Pty Ltd T/A Duncan Solutions,Parking technology services,3623,2026.0,5.0,20027.45,159.0,144.0,15.0,0.0,UnderLower
Reino International Pty Ltd T/A Duncan Solutions,Parking technology services,3623,2026.0,7.0,308339.01,176.0,161.0,15.0,0.0,OverUpper
Reino International Pty Ltd T/A Duncan Solutions,Parking technology services,3623,2026.0,11.0,0.0,214.0,199.0,15.0,0.0,UnderLower
Reino International Pty Ltd T/A Duncan Solutions,Parking technology services,3623,2027.0,1.0,209386.71000000002,161.0,146.0,15.0,0.0,OverUpper
Reino International Pty Ltd T/A Duncan Solutions,Parking technology services,3623,2027.0,2.0,196282.15,163.0,148.0,15.0,0.0,OverUpper
Reino International Pty Ltd T/A Duncan Solutions,Parking technology services,3623,2027.0,4.0,100000.0,193.0,178.0,15.0,0.0,WithinBounds
Reino International Pty Ltd T/A Duncan Solutions,Parking technology services,3623,2027.0,5.0,86005.89,193.0,178.0,15.0,0.0,WithinBounds
Reino International Pty Ltd T/A Duncan Solutions,Parking technology services,3623,2027.0,6.0,146125.19,159.0,144.0,15.0,0.0,WithinBounds
Reino International Pty Ltd T/A Duncan Solutions,Parking technology services,3623,2027.0,8.0,94220.19,159.0,144.0,15.0,0.0,WithinBounds
Reino International Pty Ltd T/A Duncan Solutions,Parking technology services,3623,2027.0,10.0,375134.26,176.0,161.0,15.0,0.0,OverUpper
Reino International Pty Ltd T/A Duncan Solutions,Parking technology services,3623,2027.0,12.0,27670.11,193.0,178.0,15.0,0.0,UnderLower
Reino International Pty Ltd T/A Duncan Solutions,Parking technology services,3623,2028.0,1.0,69421.46,193.0,178.0,15.0,0.0,UnderLower
Reino International Pty Ltd T/A Duncan Solutions,Parking technology services,3623,2028.0,2.0,187655.15,159.0,144.0,15.0,0.0,OverUpper
Reino International Pty Ltd T/A Duncan Solutions,Parking technology services,3623,2028.0,4.0,207002.82,193.0,178.0,15.0,0.0,OverUpper
Reino International Pty Ltd T/A Duncan Solutions,Parking technology services,3623,2028.0,6.0,134971.32,163.0,148.0,15.0,0.0,WithinBounds
Reino International Pty Ltd T/A Duncan Solutions,Parking technology services,3623,2028.0,8.0,173902.01,193.0,178.0,15.0,0.0,OverUpper
Reino International Pty Ltd T/A Duncan Solutions,Parking technology services,3623,2028.0,9.0,282129.32999999996,193.0,178.0,15.0,0.0,OverUpper
Reino International Pty Ltd T/A Duncan Solutions,Parking technology services,3623,2028.0,10.0,250228.98,161.0,146.0,15.0,0.0,OverUpper
Reino International Pty Ltd T/A Duncan Solutions,Parking technology services,3623,2028.0,11.0,243993.55,181.0,166.0,15.0,0.0,OverUpper
Reino International Pty Ltd T/A Duncan Solutions,Parking technology services,3623,2028.0,12.0,220132.86,171.75,155.0,15.0,1.75,OverUpper
Reino International Pty Ltd T/A Duncan Solutions,Parking technology services,3623,2029.0,1.0,100000.0,163.0,148.0,15.0,0.0,WithinBounds
Reino International Pty Ltd T/A Duncan Solutions,Parking technology services,3623,2029.0,2.0,30036.79,159.0,144.0,15.0,0.0,UnderLower
Reino International Pty Ltd T/A Duncan Solutions,Parking technology services,3623,2029.0,3.0,100000.0,193.0,178.0,15.0,0.0,WithinBounds
Reino International Pty Ltd T/A Duncan Solutions,Parking technology services,3623,2029.0,4.0,273881.16000000003,164.66666666666666,147.33333333333334,15.0,2.3333333333333335,OverUpper
Reino International Pty Ltd T/A Duncan Solutions,Parking technology services,3623,2029.0,5.0,508424.7,161.5,146.5,15.0,0.0,OverUpper
Reino International Pty Ltd T/A Duncan Solutions,Parking technology services,3623,2029.0,7.0,270868.24,159.0,144.0,15.0,0.0,OverUpper
Reino International Pty Ltd T/A Duncan Solutions,Parking technology services,3623,2029.0,8.0,473421.72,198.4,183.4,15.0,0.0,OverUpper
Reino International Pty Ltd T/A Duncan Solutions,Parking technology services,3623,2029.0,9.0,57584.89,169.0,154.0,15.0,0.0,UnderLower
Reino International Pty Ltd T/A Duncan Solutions,Parking technology services,3623,2029.0,10.0,105618.31,193.0,178.0,15.0,0.0,WithinBounds
Reino International Pty Ltd T/A Duncan Solutions,Parking technology services,3623,2029.0,11.0,213824.81,161.0,146.0,15.0,0.0,OverUpper
Reino International Pty Ltd T/A Duncan Solutions,Parking technology services,3623,2030.0,1.0,156434.58,135.0,120.0,15.0,0.0,WithinBounds
SERCO,Open spaces management - region 2, ,2025.0,4.0,48182.61,188.0,178.0,10.0,0.0,ContractMismatch
SERCO,Open spaces management - region 2, ,2025.0,12.0,125326.84,154.0,144.0,10.0,0.0,ContractMismatch
SERCO,Open spaces management - region 2, ,2028.0,5.0,139630.4,130.0,120.0,10.0,0.0,ContractMismatch
SERCO,Open spaces management - region 2, ,2028.0,12.0,7235.74,154.0,144.0,10.0,0.0,ContractMismatch
SERCO,Open spaces management - region 2,3677,2025.0,2.0,3189.58,154.0,154.0,0.0,0.0,UnderLower
SERCO,Open spaces management - region 2,3677,2025.0,3.0,370059.76,166.0,166.0,0.0,0.0,UnderLower
SERCO,Open spaces management - region 2,3677,2025.0,4.0,106868.57,144.0,144.0,0.0,0.0,UnderLower
SERCO,Open spaces management - region 2,3677,2025.0,5.0,115141.48,119.0,119.0,0.0,0.0,UnderLower
SERCO,Open spaces management - region 2,3677,2025.0,7.0,166792.29,94.0,94.0,0.0,0.0,UnderLower
SERCO,Open spaces management - region 2,3677,2025.0,9.0,161402.6,154.0,154.0,0.0,0.0,UnderLower
SERCO,Open spaces management - region 2,3677,2025.0,11.0,71624.03,173.5,173.5,0.0,0.0,UnderLower
SERCO,Open spaces management - region 2,3677,2025.0,12.0,236399.14,120.0,120.0,0.0,0.0,UnderLower
SERCO,Open spaces management - region 2,3677,2026.0,1.0,200000.0,124.0,124.0,0.0,0.0,UnderLower
SERCO,Open spaces management - region 2,3677,2026.0,2.0,129736.55,120.0,120.0,0.0,0.0,UnderLower
SERCO,Open spaces management - region 2,3677,2026.0,3.0,138096.25,120.0,120.0,0.0,0.0,UnderLower
SERCO,Open spaces management - region 2,3677,2026.0,4.0,517504.60000000003,146.5,146.5,0.0,0.0,WithinBounds
SERCO,Open spaces management - region 2,3677,2026.0,5.0,0.0,161.0,154.0,0.0,7.0,UnderLower
SERCO,Open spaces management - region 2,3677,2026.0,6.0,419905.96,143.25,141.5,0.0,1.75,WithinBounds
SERCO,Open spaces management - region 2,3677,2026.0,7.0,338858.51,151.0,151.0,0.0,0.0,UnderLower
SERCO,Open spaces management - region 2,3677,2026.0,8.0,324420.76,161.0,157.5,0.0,3.5,UnderLower
SERCO,Open spaces management - region 2,3677,2026.0,9.0,100000.0,178.0,178.0,0.0,0.0,UnderLower
SERCO,Open spaces management - region 2,3677,2026.0,10.0,29024.62,120.0,120.0,0.0,0.0,UnderLower
SERCO,Open spaces management - region 2,3677,2026.0,11.0,0.0,161.0,154.0,0.0,7.0,UnderLower
SERCO,Open spaces management - region 2,3677,2027.0,2.0,197744.29,212.0,212.0,0.0,0.0,UnderLower
SERCO,Open spaces management - region 2,3677,2027.0,3.0,102775.84,154.0,154.0,0.0,0.0,UnderLower
SERCO,Open spaces management - region 2,3677,2027.0,4.0,118398.04000000001,166.0,166.0,0.0,0.0,UnderLower
SERCO,Open spaces management - region 2,3677,2027.0,5.0,421741.3,154.0,154.0,0.0,0.0,WithinBounds
SERCO,Open spaces management - region 2,3677,2027.0,6.0,197286.86,149.0,149.0,0.0,0.0,UnderLower
SERCO,Open spaces management - region 2,3677,2027.0,7.0,545546.37,158.66666666666666,158.66666666666666,0.0,0.0,WithinBounds
SERCO,Open spaces management - region 2,3677,2027.0,8.0,100000.0,178.0,178.0,0.0,0.0,UnderLower
SERCO,Open spaces management - region 2,3677,2027.0,9.0,127258.31,144.0,144.0,0.0,0.0,UnderLower
SERCO,Open spaces management - region 2,3677,2027.0,10.0,30129.71,154.0,154.0,0.0,0.0,UnderLower
SERCO,Open spaces management - region 2,3677,2027.0,11.0,100000.0,124.0,124.0,0.0,0.0,UnderLower
SERCO,Open spaces management - region 2,3677,2027.0,12.0,177943.66,178.0,178.0,0.0,0.0,UnderLower
SERCO,Open spaces management - region 2,3677,2028.0,1.0,426291.67,139.33333333333334,139.33333333333334,0.0,0.0,WithinBounds
SERCO,Open spaces management - region 2,3677,2028.0,3.0,170638.15,139.0,139.0,0.0,0.0,UnderLower
SERCO,Open spaces management - region 2,3677,2028.0,4.0,7394.77,154.0,154.0,0.0,0.0,UnderLower
SERCO,Open spaces management - region 2,3677,2028.0,5.0,248491.85,144.0,144.0,0.0,0.0,UnderLower
SERCO,Open spaces management - region 2,3677,2028.0,6.0,232897.14,154.25,152.5,0.0,1.75,UnderLower
SERCO,Open spaces management - region 2,3677,2028.0,10.0,151179.52,144.0,144.0,0.0,0.0,UnderLower
SERCO,Open spaces management - region 2,3677,2028.0,11.0,62504.35,144.0,144.0,0.0,0.0,UnderLower
SERCO,Open spaces management - region 2,3677,2029.0,1.0,35466.64,149.0,144.0,5.0,0.0,UnderLower
SERCO,Open spaces management - region 2,3677,2029.0,2.0,111384.63,183.0,178.0,5.0,0.0,UnderLower
SERCO,Open spaces management - region 2,3677,2029.0,3.0,241401.62,129.0,124.0,5.0,0.0,UnderLower
SERCO,Open spaces management - region 2,3677,2029.0,5.0,36726.16,169.0,154.0,15.0,0.0,UnderLower
SERCO,Open spaces management - region 2,3677,2029.0,8.0,207698.72,169.0,154.0,15.0,0.0,UnderLower
SERCO,Open spaces management - region 2,3677,2029.0,9.0,297896.93,152.0,137.0,15.0,0.0,UnderLower
SERCO,Open spaces management - region 2,3677,2029.0,11.0,238235.33,163.0,148.0,15.0,0.0,UnderLower
SERCO,Open spaces management - region 2,3677,2029.0,12.0,286978.4,133.0,118.0,15.0,0.0,UnderLower
Showtime Event Group Pty Ltd,Melbourne Town Hall venue management, ,2027.0,7.0,103986.79,134.0,124.0,10.0,0.0,ContractMismatch
Showtime Event Group Pty Ltd,Melbourne Town Hall venue management,3670,2025.0,1.0,136677.07,154.0,154.0,0.0,0.0,WithinBounds
Showtime Event Group Pty Ltd,Melbourne Town Hall venue management,3670,2025.0,2.0,280782.18,151.0,151.0,0.0,0.0,OverUpper
Showtime Event Group Pty Ltd,Melbourne Town Hall venue management,3670,2025.0,3.0,48128.23,178.0,178.0,0.0,0.0,UnderLower
Showtime Event Group Pty Ltd,Melbourne Town Hall venue management,3670,2025.0,4.0,291359.42,144.0,144.0,0.0,0.0,OverUpper
Showtime Event Group Pty Ltd,Melbourne Town Hall venue management,3670,2025.0,6.0,203203.43,144.0,144.0,0.0,0.0,OverUpper
Showtime Event Group Pty Ltd,Melbourne Town Hall venue management,3670,2025.0,7.0,354187.6,166.0,166.0,0.0,0.0,OverUpper
Showtime Event Group Pty Ltd,Melbourne Town Hall venue management,3670,2025.0,9.0,236320.15,148.0,148.0,0.0,0.0,OverUpper
Showtime Event Group Pty Ltd,Melbourne Town Hall venue management,3670,2025.0,12.0,186091.79,144.0,144.0,0.0,0.0,OverUpper
Showtime Event Group Pty Ltd,Melbourne Town Hall venue management,3670,2026.0,1.0,285687.28,161.0,161.0,0.0,0.0,OverUpper
Showtime Event Group Pty Ltd,Melbourne Town Hall venue management,3670,2026.0,3.0,312010.52,178.0,178.0,0.0,0.0,OverUpper
Showtime Event Group Pty Ltd,Melbourne Town Hall venue management,3670,2026.0,8.0,413055.95,146.0,146.0,0.0,0.0,OverUpper
Showtime Event Group Pty Ltd,Melbourne Town Hall venue management,3670,2026.0,9.0,58861.59,144.0,144.0,0.0,0.0,UnderLower
Showtime Event Group Pty Ltd,Melbourne Town Hall venue management,3670,2026.0,10.0,7628.26,178.0,178.0,0.0,0.0,UnderLower
Showtime Event Group Pty Ltd,Melbourne Town Hall venue management,3670,2026.0,12.0,89924.0,178.0,178.0,0.0,0.0,WithinBounds
Showtime Event Group Pty Ltd,Melbourne Town Hall venue management,3670,2027.0,1.0,200000.0,178.0,178.0,0.0,0.0,OverUpper
Showtime Event Group Pty Ltd,Melbourne Town Hall venue management,3670,2027.0,2.0,28991.37,144.0,144.0,0.0,0.0,UnderLower
Showtime Event Group Pty Ltd,Melbourne Town Hall venue management,3670,2027.0,4.0,351527.45999999996,149.0,149.0,0.0,0.0,OverUpper
Showtime Event Group Pty Ltd,Melbourne Town Hall venue management,3670,2027.0,5.0,45289.22,120.0,120.0,0.0,0.0,UnderLower
Showtime Event Group Pty Ltd,Melbourne Town Hall venue management,3670,2027.0,6.0,168506.85,178.0,178.0,0.0,0.0,OverUpper
Showtime Event Group Pty Ltd,Melbourne Town Hall venue management,3670,2027.0,7.0,190441.06000000003,117.0,117.0,0.0,0.0,OverUpper
Showtime Event Group Pty Ltd,Melbourne Town Hall venue management,3670,2027.0,8.0,641544.0700000001,125.5,125.5,0.0,0.0,OverUpper
Showtime Event Group Pty Ltd,Melbourne Town Hall venue management,3670,2027.0,9.0,97398.37000000001,166.66666666666666,166.66666666666666,0.0,0.0,WithinBounds
Showtime Event Group Pty Ltd,Melbourne Town Hall venue management,3670,2027.0,10.0,1551.26,144.0,144.0,0.0,0.0,UnderLower
Showtime Event Group Pty Ltd,Melbourne Town Hall venue management,3670,2027.0,11.0,0.0,165.0,158.0,0.0,7.0,UnderLower
Showtime Event Group Pty Ltd,Melbourne Town Hall venue management,3670,2027.0,12.0,331.26,178.0,178.0,0.0,0.0,UnderLower
Showtime Event Group Pty Ltd,Melbourne Town Hall venue management,3670,2028.0,1.0,186450.51,178.0,178.0,0.0,0.0,OverUpper
Showtime Event Group Pty Ltd,Melbourne Town Hall venue management,3670,2028.0,2.0,97287.23,161.0,161.0,0.0,0.0,WithinBounds
Showtime Event Group Pty Ltd,Melbourne Town Hall venue management,3670,2028.0,3.0,351231.96,159.0,156.66666666666666,0.0,2.3333333333333335,OverUpper
Showtime Event Group Pty Ltd,Melbourne Town Hall venue management,3670,2028.0,7.0,102535.26,178.0,178.0,0.0,0.0,WithinBounds
Showtime Event Group Pty Ltd,Melbourne Town Hall venue management,3670,2028.0,9.0,298680.66000000003,161.0,161.0,0.0,0.0,OverUpper
Showtime Event Group Pty Ltd,Melbourne Town Hall venue management,3670,2028.0,10.0,469920.48,142.0,142.0,0.0,0.0,OverUpper
Showtime Event Group Pty Ltd,Melbourne Town Hall venue management,3670,2028.0,11.0,100071.32,144.0,144.0,0.0,0.0,WithinBounds
Showtime Event Group Pty Ltd,Melbourne Town Hall venue management,3670,2028.0,12.0,233815.97999999998,161.0,161.0,0.0,0.0,OverUpper
Showtime Event Group Pty Ltd,Melbourne Town Hall venue management,3670,2029.0,1.0,268564.86,163.0,163.0,0.0,0.0,OverUpper
Showtime Event Group Pty Ltd,Melbourne Town Hall venue management,3670,2029.0,4.0,370960.22,142.0,137.0,5.0,0.0,OverUpper
Showtime Event Group Pty Ltd,Melbourne Town Hall venue management,3670,2029.0,7.0,182670.15,159.0,144.0,15.0,0.0,OverUpper
Showtime Event Group Pty Ltd,Melbourne Town Hall venue management,3670,2029.0,8.0,317260.19999999995,170.0,155.0,15.0,0.0,OverUpper
Showtime Event Group Pty Ltd,Melbourne Town Hall venue management,3670,2029.0,9.0,236064.0,109.0,94.0,15.0,0.0,OverUpper
Showtime Event Group Pty Ltd,Melbourne Town Hall venue management,3670,2029.0,10.0,100000.0,163.0,148.0,15.0,0.0,WithinBounds
Showtime Event Group Pty Ltd,Melbourne Town Hall venue management,3670,2029.0,11.0,223371.96,164.0,149.0,15.0,0.0,OverUpper
Showtime Event Group Pty Ltd,Melbourne Town Hall venue management,3670,2029.0,12.0,64369.73,193.0,178.0,15.0,0.0,UnderLower
Spotless Facility Services Pty Ltd,Street cleaning, ,2026.0,1.0,211554.65,154.0,144.0,10.0,0.0,ContractMismatch
Spotless Facility Services Pty Ltd,Street cleaning, ,2026.0,6.0,148927.69,154.0,144.0,10.0,0.0,ContractMismatch
Spotless Facility Services Pty Ltd,Street cleaning, ,2026.0,8.0,238600.07,154.0,144.0,10.0,0.0,ContractMismatch
Spotless Facility Services Pty Ltd,Street cleaning, ,2026.0,10.0,208044.09,158.0,148.0,10.0,0.0,ContractMismatch
Spotless Facility Services Pty Ltd,Street cleaning, ,2027.0,9.0,200000.0,188.0,178.0,10.0,0.0,ContractMismatch
Spotless Facility Services Pty Ltd,Street cleaning,3669,2025.0,4.0,672584.25,148.5,148.5,0.0,0.0,UnderLower
Spotless Facility Services Pty Ltd,Street cleaning,3669,2025.0,5.0,125707.45000000001,149.0,149.0,0.0,0.0,UnderLower
Spotless Facility Services Pty Ltd,Street cleaning,3669,2025.0,7.0,191238.61,178.0,178.0,0.0,0.0,UnderLower
Spotless Facility Services Pty Ltd,Street cleaning,3669,2025.0,8.0,460584.03,166.66666666666666,166.66666666666666,0.0,0.0,UnderLower
Spotless Facility Services Pty Ltd,Street cleaning,3669,2025.0,9.0,300000.0,178.0,178.0,0.0,0.0,UnderLower
Spotless Facility Services Pty Ltd,Street cleaning,3669,2025.0,10.0,60042.44,124.0,124.0,0.0,0.0,UnderLower
Spotless Facility Services Pty Ltd,Street cleaning,3669,2025.0,11.0,100000.0,154.0,154.0,0.0,0.0,UnderLower
Spotless Facility Services Pty Ltd,Street cleaning,3669,2026.0,3.0,200000.0,178.0,178.0,0.0,0.0,UnderLower
Spotless Facility Services Pty Ltd,Street cleaning,3669,2026.0,5.0,141444.88,178.0,178.0,0.0,0.0,UnderLower
Spotless Facility Services Pty Ltd,Street cleaning,3669,2026.0,6.0,208094.73,160.0,160.0,0.0,0.0,UnderLower
Spotless Facility Services Pty Ltd,Street cleaning,3669,2026.0,7.0,154834.28,169.0,166.66666666666666,0.0,2.3333333333333335,UnderLower
Spotless Facility Services Pty Ltd,Street cleaning,3669,2026.0,12.0,113326.04,178.0,178.0,0.0,0.0,UnderLower
Spotless Facility Services Pty Ltd,Street cleaning,3669,2027.0,1.0,263510.32,144.0,144.0,0.0,0.0,UnderLower
Spotless Facility Services Pty Ltd,Street cleaning,3669,2027.0,2.0,385700.82,145.33333333333334,145.33333333333334,0.0,0.0,UnderLower
Spotless Facility Services Pty Ltd,Street cleaning,3669,2027.0,6.0,0.0,161.0,154.0,0.0,7.0,UnderLower
Spotless Facility Services Pty Ltd,Street cleaning,3669,2027.0,7.0,229924.42,178.0,178.0,0.0,0.0,UnderLower
Spotless Facility Services Pty Ltd,Street cleaning,3669,2027.0,8.0,259411.64,119.0,119.0,0.0,0.0,UnderLower
Spotless Facility Services Pty Ltd,Street cleaning,3669,2027.0,10.0,225939.54,151.0,151.0,0.0,0.0,UnderLower
Spotless Facility Services Pty Ltd,Street cleaning,3669,2027.0,11.0,210305.07,120.0,120.0,0.0,0.0,UnderLower
Spotless Facility Services Pty Ltd,Street cleaning,3669,2027.0,12.0,180353.43,158.66666666666666,158.66666666666666,0.0,0.0,UnderLower
Spotless Facility Services Pty Ltd,Street cleaning,3669,2028.0,1.0,118169.89,120.0,120.0,0.0,0.0,UnderLower
Spotless Facility Services Pty Ltd,Street cleaning,3669,2028.0,2.0,108729.65,178.0,178.0,0.0,0.0,UnderLower
Spotless Facility Services Pty Ltd,Street cleaning,3669,2028.0,5.0,155485.8,212.0,212.0,0.0,0.0,UnderLower
Spotless Facility Services Pty Ltd,Street cleaning,3669,2028.0,6.0,167920.95,178.0,178.0,0.0,0.0,UnderLower
Spotless Facility Services Pty Ltd,Street cleaning,3669,2028.0,7.0,291429.47,166.0,166.0,0.0,0.0,UnderLower
Spotless Facility Services Pty Ltd,Street cleaning,3669,2028.0,8.0,271351.92,137.33333333333334,137.33333333333334,0.0,0.0,UnderLower
Spotless Facility Services Pty Ltd,Street cleaning,3669,2028.0,9.0,134575.58,154.0,154.0,0.0,0.0,UnderLower
Spotless Facility Services Pty Ltd,Street cleaning,3669,2028.0,10.0,482490.75,150.66666666666666,150.66666666666666,0.0,0.0,UnderLower
Spotless Facility Services Pty Ltd,Street cleaning,3669,2029.0,1.0,222034.19,183.0,178.0,5.0,0.0,UnderLower
Spotless Facility Services Pty Ltd,Street cleaning,3669,2029.0,2.0,231655.89,149.0,144.0,5.0,0.0,UnderLower
Spotless Facility Services Pty Ltd,Street cleaning,3669,2029.0,3.0,403528.92000000004,171.0,166.0,5.0,0.0,UnderLower
Spotless Facility Services Pty Ltd,Street cleaning,3669,2029.0,4.0,657129.3200000001,155.0,140.0,15.0,0.0,UnderLower
Spotless Facility Services Pty Ltd,Street cleaning,3669,2029.0,8.0,100000.0,193.0,178.0,15.0,0.0,UnderLower
Spotless Facility Services Pty Ltd,Street cleaning,3669,2029.0,11.0,18001.17,163.0,148.0,15.0,0.0,UnderLower
Spotless Facility Services Pty Ltd,Street cleaning,3669,2029.0,12.0,35725.41,159.0,144.0,15.0,0.0,UnderLower
Victorian YMCA Community Programming Pty Ltd,Management of Active Melbourne recreation facilities, ,2025.0,3.0,100000.0,188.0,178.0,10.0,0.0,ContractMismatch
Victorian YMCA Community Programming Pty Ltd,Management of Active Melbourne recreation facilities, ,2025.0,9.0,84713.67,158.0,148.0,10.0,0.0,ContractMismatch
Victorian YMCA Community Programming Pty Ltd,Management of Active Melbourne recreation facilities,3615,2025.0,1.0,143484.49,114.0,114.0,0.0,0.0,WithinBounds
Victorian YMCA Community Programming Pty Ltd,Management of Active Melbourne recreation facilities,3615,2025.0,2.0,244220.49,178.0,178.0,0.0,0.0,OverUpper
Victorian YMCA Community Programming Pty Ltd,Management of Active Melbourne recreation facilities,3615,2025.0,4.0,128072.74,144.0,144.0,0.0,0.0,WithinBounds
Victorian YMCA Community Programming Pty Ltd,Management of Active Melbourne recreation facilities,3615,2025.0,6.0,496261.55,154.5,154.5,0.0,0.0,OverUpper
Victorian YMCA Community Programming Pty Ltd,Management of Active Melbourne recreation facilities,3615,2025.0,8.0,190569.87,181.5,178.0,0.0,3.5,OverUpper
Victorian YMCA Community Programming Pty Ltd,Management of Active Melbourne recreation facilities,3615,2025.0,9.0,174331.53,178.0,178.0,0.0,0.0,OverUpper
Victorian YMCA Community Programming Pty Ltd,Management of Active Melbourne recreation facilities,3615,2025.0,11.0,337594.55,146.0,146.0,0.0,0.0,OverUpper
Victorian YMCA Community Programming Pty Ltd,Management of Active Melbourne recreation facilities,3615,2025.0,12.0,0.0,229.0,229.0,0.0,0.0,UnderLower
Victorian YMCA Community Programming Pty Ltd,Management of Active Melbourne recreation facilities,3615,2026.0,1.0,48193.71,178.0,178.0,0.0,0.0,UnderLower
Victorian YMCA Community Programming Pty Ltd,Management of Active Melbourne recreation facilities,3615,2026.0,2.0,100000.0,178.0,178.0,0.0,0.0,UnderLower
Victorian YMCA Community Programming Pty Ltd,Management of Active Melbourne recreation facilities,3615,2026.0,4.0,123168.98,144.0,144.0,0.0,0.0,UnderLower
Victorian YMCA Community Programming Pty Ltd,Management of Active Melbourne recreation facilities,3615,2026.0,5.0,365765.6,145.0,145.0,0.0,0.0,OverUpper
Victorian YMCA Community Programming Pty Ltd,Management of Active Melbourne recreation facilities,3615,2026.0,6.0,363621.01,163.0,163.0,0.0,0.0,OverUpper
Victorian YMCA Community Programming Pty Ltd,Management of Active Melbourne recreation facilities,3615,2026.0,8.0,98315.38,144.0,144.0,0.0,0.0,UnderLower
Victorian YMCA Community Programming Pty Ltd,Management of Active Melbourne recreation facilities,3615,2026.0,9.0,328044.94999999995,178.0,178.0,0.0,0.0,OverUpper
Victorian YMCA Community Programming Pty Ltd,Management of Active Melbourne recreation facilities,3615,2026.0,10.0,198591.77,144.0,144.0,0.0,0.0,OverUpper
Victorian YMCA Community Programming Pty Ltd,Management of Active Melbourne recreation facilities,3615,2026.0,12.0,166086.49,161.0,161.0,0.0,0.0,WithinBounds
Victorian YMCA Community Programming Pty Ltd,Management of Active Melbourne recreation facilities,3615,2027.0,1.0,11153.51,178.0,178.0,0.0,0.0,UnderLower
Victorian YMCA Community Programming Pty Ltd,Management of Active Melbourne recreation facilities,3615,2027.0,4.0,186000.36,154.0,149.0,5.0,0.0,OverUpper
Victorian YMCA Community Programming Pty Ltd,Management of Active Melbourne recreation facilities,3615,2027.0,5.0,164765.44,154.0,149.0,5.0,0.0,WithinBounds
Victorian YMCA Community Programming Pty Ltd,Management of Active Melbourne recreation facilities,3615,2027.0,8.0,577960.56,160.33333333333334,145.33333333333334,15.0,0.0,OverUpper
Victorian YMCA Community Programming Pty Ltd,Management of Active Melbourne recreation facilities,3615,2027.0,9.0,244735.73,193.0,178.0,15.0,0.0,OverUpper
Victorian YMCA Community Programming Pty Ltd,Management of Active Melbourne recreation facilities,3615,2027.0,10.0,323370.03,176.0,161.0,15.0,0.0,OverUpper
Victorian YMCA Community Programming Pty Ltd,Management of Active Melbourne recreation facilities,3615,2027.0,11.0,403614.88,162.33333333333334,147.33333333333334,15.0,0.0,OverUpper
Victorian YMCA Community Programming Pty Ltd,Management of Active Melbourne recreation facilities,3615,2028.0,1.0,297363.42000000004,176.0,161.0,15.0,0.0,OverUpper
Victorian YMCA Community Programming Pty Ltd,Management of Active Melbourne recreation facilities,3615,2028.0,2.0,94954.62,163.0,148.0,15.0,0.0,UnderLower
Victorian YMCA Community Programming Pty Ltd,Management of Active Melbourne recreation facilities,3615,2028.0,3.0,100000.0,193.0,178.0,15.0,0.0,UnderLower
Victorian YMCA Community Programming Pty Ltd,Management of Active Melbourne recreation facilities,3615,2028.0,4.0,147681.6,176.0,161.0,15.0,0.0,WithinBounds
Victorian YMCA Community Programming Pty Ltd,Management of Active Melbourne recreation facilities,3615,2028.0,8.0,394805.71,159.0,144.0,15.0,0.0,OverUpper
Victorian YMCA Community Programming Pty Ltd,Management of Active Melbourne recreation facilities,3615,2028.0,9.0,259959.05,166.0,148.66666666666666,15.0,2.3333333333333335,OverUpper
Victorian YMCA Community Programming Pty Ltd,Management of Active Melbourne recreation facilities,3615,2028.0,11.0,145818.59,176.0,161.0,15.0,0.0,WithinBounds
Victorian YMCA Community Programming Pty Ltd,Management of Active Melbourne recreation facilities,3615,2028.0,12.0,38646.92,159.0,144.0,15.0,0.0,UnderLower
Victorian YMCA Community Programming Pty Ltd,Management of Active Melbourne recreation facilities,3615,2029.0,1.0,54038.11,193.0,178.0,15.0,0.0,UnderLower
Victorian YMCA Community Programming Pty Ltd,Management of Active Melbourne recreation facilities,3615,2029.0,2.0,64824.78,164.0,149.0,15.0,0.0,UnderLower
Victorian YMCA Community Programming Pty Ltd,Management of Active Melbourne recreation facilities,3615,2029.0,3.0,120356.17,193.0,178.0,15.0,0.0,UnderLower
Victorian YMCA Community Programming Pty Ltd,Management of Active Melbourne recreation facilities,3615,2029.0,4.0,165220.34,193.0,178.0,15.0,0.0,WithinBounds
Victorian YMCA Community Programming Pty Ltd,Management of Active Melbourne recreation facilities,3615,2029.0,6.0,237233.25,193.0,178.0,15.0,0.0,OverUpper
Victorian YMCA Community Programming Pty Ltd,Management of Active Melbourne recreation facilities,3615,2029.0,8.0,200000.0,193.0,178.0,15.0,0.0,OverUpper
Victorian YMCA Community Programming Pty Ltd,Management of Active Melbourne recreation facilities,3615,2029.0,10.0,2973.59,193.0,178.0,15.0,0.0,UnderLower
Victorian YMCA Community Programming Pty Ltd,Management of Active Melbourne recreation facilities,3615,2029.0,11.0,185714.01,193.0,178.0,15.0,0.0,OverUpper
Victorian YMCA Community Programming Pty Ltd,Management of Active Melbourne recreation facilities,3615,2029.0,12.0,100000.0,193.0,178.0,15.0,0.0,UnderLower
